מילת_מפתח,ספירה,סוג,וариантים,וариантים_קשורים,קבוצת_מושג
ישראל,302,ביטוי,ישראל (174); בישראל (55); ישראלים (44); לישראל (16); מדינת ישראל (8); שישראל (3); ובישראל (2),אזרחי ישראל; ארץ ישראל; בחינה ימין הישראלי ופוליטיקאים; הישראלי ופוליטיקאים; הישראלי-פלסטיני; ופוליטיקאים ישראלים; ימין הישראלי; ימין הישראלי ופוליטיקאים,
אדם,135,מילה,אדם (92); אנשים (20); האנשים (9); לאנשים (6); ואנשים (3); האדם (3); לאדם (1); שאדם (1),,
מלחמה,134,מונח_ידוע,מלחמה (48); המלחמה (29); מלחמות (20); למלחמה (10); במלחמה (8); כמלחמה (4); במלחמות (3); ממלחמות (2); המלחמות (2); ומלחמות (2); ממלחמה (2); ומלחמת (2); והמלחמות (1); והמלחמה (1),מלחמה ה-7 באוקטובר; מלחמה השחרור; מלחמה התקומה; מלחמה חרבות ברזל; מלחמה עזה; מלחמה עזה 2023; פשע מלחמה,עימות צבאי מתמשך נגד יריב סביב מטרה אסטרטגית אחת או יותר
זכות,117,מילה,זכויות (77); זכות (13); בזכויות (8); ובזכויות (3); וזכויות (3); הזכות (3); כזכות (3); והזכויות (2); לזכויות (2); הזכויות (1); לזכות (1); מזכות (1),זכות אדם,
מדינה,109,מילה,המדינה (74); מדינה (24); למדינה (5); במדינה (2); שמדינה (2); והמדינה (1); ומדינה (1),ומבקר מדינה; מוסד מדינה; מקום מדינה; שהמדינה,
ממשלה,102,מילה,ממשלות (65); ממשלה (18); הממשלה (16); בממשלה (2); לממשלה (1),,
עזה,94,מילה,בעזה (39); עזה (37); לעזה (11); ועזה (3); ובעזה (2); מעזה (2),,
תקשורת,92,מילה,תקשורת (66); ותקשורת (14); התקשורת (5); בתקשורת (4); ובתקשורת (3),תקשורת בינלאומית; תקשורת ישראלית,
גבול,90,מילה,גבול (27); גבולות (17); הגבול (16); כגבול (9); לגבול (6); בגבול (5); לגבולות (3); בגבולות (2); וגבולות (2); ובגבולות (1); הגבולות (1); שגבולות (1),גבול אושוויץ; גבול שביתת נשק,
שטח,85,מילה,שטח (21); לשטח (17); בשטחים (15); השטח (7); השטחים (5); שטחים (4); לשטחים (3); מהשטח (3); משטח (3); שטחה (2); כשטח (2); והשטחים (1); ושטחים (1); שהשטח (1),,
ביטחון,77,מילה,הביטחון (40); ביטחון (26); בביטחון (5); והביטחון (2); וביטחון (2); לביטחון (2),הצבא ומערכת ביטחון; ודוברי הצבא ומערכת ביטחון; ומערכת ביטחון; מערכת ביטחון; רצועת ביטחון,
מדיניות,77,מילה,מדיניות (50); המדיניות (14); במדיניות (6); ומדיניות (4); כמדיניות (2); ממדיניות (1),ומסמכי מדיניות; מסמכי מדיניות,
אזרח,75,מילה,אזרחים (44); באזרחים (15); לאזרחים (7); אזרח (5); האזרחים (2); ובאזרחים (1); האזרח (1),אזרחי ישראל; הרג אזרחים; פגיעה אזרח; פלסטיני אזרחי ישראל,
אקדמי,68,מילה,אקדמי (68),אקדמי ומשפטי; ושיח אקדמי,
זכות אדם,66,ביטוי,זכויות אדם (66),זכות,
חוק,65,מילה,חוק (35); החוק (11); חוקים (6); בחוק (4); לחוק (3); ובחוק (2); כחוק (2); וחוקים (1); והחוק (1),,
מחאות,65,מונח_ידוע,מחאה (20); המחאה (16); מחאות (12); שהמחאה (3); ומחאות (3); במחאה (3); ובמחאות (2); והמחאות (1); והמחאה (1); במחאות (1); המחאות (1); למחאה (1); כמחאה (1),,יציאה המונית של אנשים למרחב הציבורי כדי למחות או להביע עמדה
כיבוש,64,מונח_ידוע,כיבוש (31); הכיבוש (19); וכיבוש (5); לכיבוש (4); ככיבוש (3); בכיבוש (2),כיבוש דיר יאסין; כיבוש צבאי,שלטון צבאי ישראלי על אוכלוסייה פלסטינית
אלימה,63,מילה,אלימות (38); האלימות (10); אלימה (10); ואלימות (3); ובאלימות (1); לאלימות (1),,
אוכלוסייה,59,מילה,האוכלוסייה (23); אוכלוסייה (16); לאוכלוסייה (4); אוכלוסיות (4); באוכלוסייה (3); האוכלוסיות (2); אוכלוסין (2); ובאוכלוסייה (1); שאוכלוסייה (1); ואוכלוסייה (1); לאוכלוסיות (1); האוכלוסין (1),,
ממשלות ישראל,58,ביטוי,ממשלות ישראל (58),ממשלות ישראל וגופים; ממשלות ישראל ודוברי; ממשלות ישראל ודוברי הצבא; ישראל,
ימין,57,מילה,הימין (32); ימין (19); וימין (2); והימין (1); בימין (1); לימין (1); מימין (1),בחינה ימין; בחינה ימין הישראלי ופוליטיקאים; ימין הישראלי; ימין הישראלי ופוליטיקאים; מהימין,
ארגון,55,מילה,ארגונים (27); וארגונים (13); ארגון (7); הארגון (3); לארגון (2); בארגון (2); וארגון (1),ארגון פלסטיניים,
הצבא,55,מילה,הצבא (55),הצבא ומערכת; הצבא ומערכת ביטחון; ודוברי הצבא; ודוברי הצבא ומערכת; ודוברי הצבא ומערכת ביטחון; ישראל ודוברי הצבא; ישראל ודוברי הצבא ומערכת; ממשלות ישראל ודוברי הצבא,
תקשורת ישראלית,55,ביטוי,תקשורת ישראלית (52); ותקשורת ישראלית (3),תקשורת; ישראל,
שמאלנים,54,מונח_ידוע,השמאל (26); שמאל (15); שמאלנים (5); 0מאלנים (4); והשמאל (1); שמאלני (1); ומשמאל (1); ושמאל (1),,מחנה המחאה הליברלי נגד נתניהו והרפורמה המשפטית
פגיעה,53,מילה,פגיעה (22); הפגיעה (21); לפגיעה (4); והפגיעה (2); וכפגיעה (1); מפגיעות (1); בפגיעה (1); מפגיעה (1),פגיעה אזרח; פגיעה בבלתי מעורבים,
אירוע,50,מילה,אירוע (17); אירועים (9); כאירוע (8); לאירוע (6); האירועים (4); לאירועים (3); באירועים (2); באירוע (1),אירוע ה-7 באוקטובר,
7 באוקטובר,49,ביטוי,7 באוקטובר (29); באוקטובר 2023 (13); אוקטובר 2023 (6); באוקטובר (1),אירוע ה-7 באוקטובר; ב-7 באוקטובר; ה-7 באוקטובר; טבח ה-7 באוקטובר; מלחמה ה-7 באוקטובר; מתקפת ה-7 באוקטובר,
טרור,47,מילה,טרור (38); הטרור (4); בטרור (4); וטרור (1),טרור מתנחל; פעולת טרור,
ביקורת,44,מילה,ביקורת (29); בביקורת (6); ובביקורת (3); לביקורת (2); הביקורת (2); וביקורת (2),הביקורתי,
ודוברי,41,מילה,ודוברי (41),ודוברי הצבא; ודוברי הצבא ומערכת; ודוברי הצבא ומערכת ביטחון; ישראל ודוברי; ישראל ודוברי הצבא; ישראל ודוברי הצבא ומערכת; ממשלות ישראל ודוברי; ממשלות ישראל ודוברי הצבא,
טבח,41,מונח_ידוע,טבח (24); הטבח (7); כטבח (7); וטבח (1); בטבח (1); לטבח (1),,הרג המוני מכוון של אוכלוסייה
גדה המערבית,40,מונח_ידוע,הגדה המערבית (13); בגדה (10); בגדה המערבית (7); הגדה (6); ובגדה (2); לגדה (2),,המרחב שבין הקו הירוק לנהר הירדן
מוסד,40,מילה,ומוסדות (16); מוסדות (11); ממוסד (5); במוסדות (4); המוסדות (1); למוסדות (1); והמוסד (1); המוסד (1),גופי האו״ם מוסד; גופי האו״ם מוסד בינלאומיים; האו״ם מוסד; האו״ם מוסד בינלאומיים; מוסד בינלאומיים; מוסד מדינה,
סכסוך,40,מונח_ידוע,הסכסוך (27); בסכסוך (6); סכסוך (6); והסכסוך (1),סכסוך הישראלי; סכסוך הישראלי-פלסטיני,המצב המדיני־ביטחוני בין ישראל לפלסטינים מאז 1967
ודוברי הצבא,39,ביטוי,ודוברי הצבא (39),ודוברי הצבא ומערכת; ודוברי הצבא ומערכת ביטחון; ישראל ודוברי הצבא; ישראל ודוברי הצבא ומערכת; ממשלות ישראל ודוברי הצבא; ודוברי; הצבא,
ישראל ודוברי,39,ביטוי,ישראל ודוברי (39),ישראל ודוברי הצבא; ישראל ודוברי הצבא ומערכת; ממשלות ישראל ודוברי; ממשלות ישראל ודוברי הצבא; ודוברי; ישראל,
ישראל ודוברי הצבא,39,ביטוי,ישראל ודוברי הצבא (39),ישראל ודוברי הצבא ומערכת; ממשלות ישראל ודוברי הצבא; ישראל ודוברי; ודוברי הצבא; ודוברי; ישראל; הצבא; ממשלות ישראל ודוברי,
יישוב,38,מילה,יישובים (14); היישוב (6); היישובים (4); יישוב (3); ויישובים (2); ביישוב (2); וביישובים (1); מיישובים (1); ליישובים (1); והיישוב (1); כיישוב (1); מיישוב (1); ויישוב (1),יישוב יהודי; יישובי צפון,
ממשלות ישראל ודוברי,38,ביטוי,ממשלות ישראל ודוברי (38),ממשלות ישראל ודוברי הצבא; ישראל ודוברי; ממשלות ישראל; ודוברי; ישראל; ישראל ודוברי הצבא; ישראל ודוברי הצבא ומערכת; ממשלות ישראל וגופים,
ממשלות ישראל ודוברי הצבא,38,ביטוי,ממשלות ישראל ודוברי הצבא (38),ממשלות ישראל ודוברי; ישראל ודוברי הצבא; ישראל ודוברי; ממשלות ישראל; ודוברי הצבא; ודוברי; ישראל; הצבא,
לבנון,37,מילה,לבנון (21); בלבנון (7); ובלבנון (5); ללבנון (2); ולבנון (2),דרום לבנון; עזה לבנון,
אקדמי ומשפטי,36,ביטוי,אקדמי ומשפטי (36),אקדמי,
צפון,36,מילה,הצפון (17); בצפון (5); וצפון (5); והצפון (4); ובצפון (2); צפון (2); מצפון (1),יישובי צפון,
פינוי,31,מונח_ידוע,פינוי (21); הפינוי (4); בפינוי (4); ופינוי (2),,הזזה כפויה של אוכלוסייה ממקום מגורים או שהייה בהקשר של סכסוך ופעולה מדינתית
ועיתונאים,30,מילה,ועיתונאים (30),ופרשנים ועיתונאים; פרשנים ועיתונאים,
פיגוע,29,מונח_ידוע,פיגועים (14); פיגוע (9); בפיגועים (2); בפיגוע (2); הפיגועים (1); לפיגוע (1),,פעולה אלימה ממניע לאומי/פוליטי במסגרת הסכסוך הישראלי־פלסטיני
אויב,28,מילה,אויב (14); לאויב (9); האויב (5),אספקה אויב; שטח אויב,
אחריות,28,מילה,האחריות (14); אחריות (9); באחריות (2); מהאחריות (1); מאחריות (1); לאחריות (1),,
הרג,28,מילה,הרג (18); ההרג (7); בהרג (2); והרג (1),,
מ-2023,28,מילה,מ-2023 (28),וביתר שאת מ-2023; מ-2023 סביב,
סיוע,28,מילה,סיוע (21); הסיוע (3); מסיוע (1); וסיוע (1); כסיוע (1); לסיוע (1),סיוע הומניטרי,
צה״ל,28,מילה,צה״ל (26); לצה״ל (1); וצה״ל (1),,
האו״ם,27,מילה,האו״ם (27),גופי האו״ם; גופי האו״ם מוסד; גופי האו״ם מוסד בינלאומיים; האו״ם מוסד; האו״ם מוסד בינלאומיים; וגופי האו״ם,
הגנה,27,מילה,הגנה (11); ההגנה (10); וההגנה (1); ובהגנה (1); ומגנה (1); מהגנה (1); כהגנה (1); והגנה (1),,
פליט,27,מונח_ידוע,פליטים (11); הפליטים (9); לפליטים (4); כפליטים (2); בפליטים (1),,"אנשים שנכנסו לישראל ללא מעמד קבוע, בשל סכסוך, רדיפה או מצוקה"
ירושלים,26,מילה,ירושלים (20); בירושלים (4); ובירושלים (1); לירושלים (1),,
פשע,26,מילה,פשע (13); פשעים (3); כפשע (3); לפשע (2); מפשע (2); והפשעים (1); וכפשע (1); בפשע (1),,
לוחם,25,מילה,לוחמים (14); לוחם (5); ללוחמים (4); הלוחם (2),,
פוליטיקאים,25,מילה,פוליטיקאים (25),בחינה ימין הישראלי ופוליטיקאים; הישראלי ופוליטיקאים; ופוליטיקאים; ופוליטיקאים ישראלים; ימין הישראלי ופוליטיקאים; פוליטיקאים ישראלים,
בחינה שמאל,24,ביטוי,מחנה השמאל (19); ומחנה השמאל (5),,
המתאר,24,מילה,המתארים (14); המתאר (10),,
פוליטיקאים ישראלים,24,ביטוי,פוליטיקאים ישראלים (24),ופוליטיקאים ישראלים; פוליטיקאים; ישראל,
ארץ,23,מילה,בארץ (13); הארץ (5); לארץ (2); ארץ (2); מארץ (1),,
בחינה ימין,23,ביטוי,מחנה הימין (23),בחינה ימין הישראלי ופוליטיקאים; ימין,
התבסס,23,מילה,התבסס (23),התבסס מאז,
חמאס,23,מילה,חמאס (17); בחמאס (3); כחמאס (2); לחמאס (1),,
נתניהו,23,מילה,נתניהו (19); לנתניהו (3); בנתניהו (1),,
פרשנים,23,מילה,פרשנים (23),ופרשנים; ופרשנים ועיתונאים; פרשנים ועיתונאים,
דרום,22,מילה,בדרום (11); הדרום (3); דרום (3); והדרום (2); מדרום (2); לדרום (1),דרום לבנון,
הגירה,22,מילה,הגירה (15); ההגירה (3); וההגירה (1); והגירה (1); כהגירה (1); בהגירה (1),,
חרבות ברזל,22,מונח_ידוע,חרבות ברזל (20); וחרבות ברזל (1); בחרבות ברזל (1),מלחמה חרבות ברזל,המלחמה שנפתחה בעקבות מתקפת 7 באוקטובר 2023
כנסת,22,מילה,בכנסת (8); כנסת (7); הכנסת (4); והכנסת (2); ובכנסת (1),,
פרשנים ועיתונאים,22,ביטוי,פרשנים ועיתונאים (22),ופרשנים ועיתונאים; ועיתונאים; פרשנים,
ארגון פלסטיניים,21,ביטוי,ארגונים פלסטיניים (19); וארגונים פלסטיניים (2),ארגון,
דיווחים,21,מילה,דיווחים (21),,
ויכוח,21,מילה,ויכוחים (12); ויכוח (7); וויכוחים (2),,
נכנס,21,מילה,נכנס (17); נכנסים (4),נכנס לשיח,
רצח,21,מילה,רצח (21),,
שליטה,21,מילה,שליטה (21),תחת שליטה,
שמאל הישראלי,21,ביטוי,השמאל הישראלי (21),ישראל,
הסברה,20,מונח_ידוע,הסברה (10); ההסברה (6); בהסברה (3); והסברה (1),,מאמץ מאורגן לעיצוב תודעה ודעת קהל ביחס למדיניות ופעולות ישראל
חטופים,20,מונח_ידוע,חטופים (10); החטופים (7); וחטופים (3),החטופים,אנשים המוחזקים בידי הצד השני במסגרת הסכסוך
חיסול,20,מונח_ידוע,חיסול (15); חיסולים (3); החיסול (2),,הרג יזום של יעד ביטחוני בידי מדינת ישראל
זיכרון,19,מילה,זיכרון (19),הזיכרון,
ימין הישראלי,19,ביטוי,הימין הישראלי (19),בחינה ימין הישראלי ופוליטיקאים; ימין הישראלי ופוליטיקאים; ישראל; ימין,
מן,19,מילה,מן (19),,
גירוש,18,מונח_ידוע,גירוש (12); וגירוש (4); הגירוש (1); בגירוש (1),,הזזה כפויה של אוכלוסייה ממקום מגורים או שהייה בהקשר של סכסוך ופעולה מדינתית
הפגנות,18,מונח_ידוע,הפגנות (10); והפגנות (3); ההפגנות (3); וההפגנות (1); בהפגנות (1),,יציאה המונית של אנשים למרחב הציבורי כדי למחות או להביע עמדה
לחימה,18,מילה,לחימה (18),בלחימה; הלחימה; סבבי הלחימה,
וביתר,17,מילה,וביתר (17),וביתר שאת מ-2023,
מאבק,17,מילה,מאבק (13); מאבקים (4),,
האינתיפאדה,16,מילה,האינתיפאדה (13); האינתיפאדות (3),האינתיפאדה הראשונה; האינתיפאדה השנייה; מאז האינתיפאדה,
התחזק,16,מילה,התחזק (16),,
ומסיח,16,מילה,ומסיח (16),ומסיח מן,
מעלים,16,מילה,מעלים (16),,
מקלט,16,מילה,מקלט (16),מבקשי מקלט,
מתנחל,16,מילה,מתנחלים (11); המתנחלים (3); למתנחלים (2),אלימות מתנחל; טרור מתנחל,
האחרונות,15,מילה,האחרונות (15),,
הלחימה,15,מילה,הלחימה (15),סבבי הלחימה; לחימה,
הראשונה,15,מילה,הראשונה (8); הראשונות (7),האינתיפאדה הראשונה; שונה,
ופרשנים,15,מילה,ופרשנים (15),ופרשנים ועיתונאים; פרשנים,
יהודה ושומרון,15,מונח_ידוע,ביהודה ושומרון (13); יהודה ושומרון (2),,המרחב שבין הקו הירוק לנהר הירדן
מעצר,15,מילה,מעצר (9); מעצרים (6),מעצר מנהלי,
משפט בינלאומי,15,ביטוי,במשפט הבינלאומי (8); המשפט הבינלאומי (4); משפט בינלאומי (2); במשפט בינלאומי (1),,
נשק,15,מילה,הנשק (11); נשק (3); כנשק (1),,
עולים,15,מונח_ידוע,עולים (13); העולים (1); בעולים (1),,הגעה של תושבי חוץ להשתקעות בישראל
ענישה,15,מונח_ידוע,ענישה (14); וענישה (1),ענישה קולקטיבית,מדיניות אמצעים נגד אוכלוסייה או קבוצה לשם מניעה או תגובה
קו הירוק,15,מונח_ידוע,הקו הירוק (15),,הגבול בין ישראל לשכנותיה על פי הסכמי שביתת הנשק 1949
הפך,14,מילה,הפך (14),,
הצבא ומערכת,14,ביטוי,הצבא ומערכת (14),הצבא ומערכת ביטחון; ודוברי הצבא ומערכת; ודוברי הצבא ומערכת ביטחון; ישראל ודוברי הצבא ומערכת; הצבא,
הרפורמה המשפטית,14,מונח_ידוע,והרפורמה המשפטית (7); הרפורמה המשפטית (7),,תוכנית לשינויים רחבים במערכת המשפט וביחסי הרשויות בישראל
ודוברי הצבא ומערכת,14,ביטוי,ודוברי הצבא ומערכת (14),ודוברי הצבא ומערכת ביטחון; ישראל ודוברי הצבא ומערכת; הצבא ומערכת; ודוברי הצבא; ודוברי; הצבא; ישראל ודוברי הצבא; ממשלות ישראל ודוברי הצבא,
ומערכת ביטחון,14,ביטוי,ומערכת הביטחון (14),הצבא ומערכת ביטחון; ודוברי הצבא ומערכת ביטחון; מערכת ביטחון; ביטחון,
ישראל ודוברי הצבא ומערכת,14,ביטוי,ישראל ודוברי הצבא ומערכת (14),ודוברי הצבא ומערכת; ישראל ודוברי הצבא; ישראל ודוברי; הצבא ומערכת; ודוברי הצבא; ודוברי; ישראל; הצבא,
כתבות,14,מילה,כתבות (14),,
מאחזים,14,מונח_ידוע,מאחזים (11); המאחזים (2); ומאחזים (1),מאחזים בלתי חוקיים,היישובים היהודיים בגדה
מחקר,14,מילה,מחקר (14),ומכוני מחקר,
שימש,14,מילה,שימש (14),,
תגובה,14,מונח_ידוע,תגובה (7); כתגובה (4); והתגובה (1); בתגובה (1); לתגובה (1),,פעולה צבאית/ביטחונית חדשה בעקבות אירוע קודם במסגרת הסכסוך
תקיפה,14,מילה,תקיפות (11); תקיפה (3),,
המבקש,13,מילה,המבקשים (8); המבקש (5),,
ומסיח מן,13,ביטוי,ומסיח מן (13),ומסיח,
ופוליטיקאים,13,מילה,ופוליטיקאים (13),בחינה ימין הישראלי ופוליטיקאים; הישראלי ופוליטיקאים; ופוליטיקאים ישראלים; ימין הישראלי ופוליטיקאים; פוליטיקאים,
חיים,13,מילה,חיים (13),,
יאסין,13,מילה,יאסין (13),דיר יאסין; טבח דיר יאסין; כיבוש דיר יאסין; פרשת דיר יאסין,
כפר,13,מילה,כפרים (8); כפר (5),,
מבצע,13,מונח_ידוע,מבצע (7); מבצעים (4); המבצע (1); במבצע (1),מבצעי; פעולה מבצעית,עימות צבאי מתמשך נגד יריב סביב מטרה אסטרטגית אחת או יותר
מבקשי מקלט,13,מונח_ידוע,מבקשי מקלט (9); ומבקשי מקלט (4),מקלט,"אנשים שנכנסו לישראל ללא מעמד קבוע, בשל סכסוך, רדיפה או מצוקה"
מעורבים,13,מילה,מעורבים (13),פגיעה בבלתי מעורבים,
משטר,13,מילה,משטר (9); המשטר (2); ומשטרים (1); למשטר (1),ההפיכה המשטרית; משטרה,
משפחה,13,מילה,משפחות (10); משפחה (3),,
סחורות,13,מילה,סחורות (13),,
קבוע,13,מילה,קבוע (8); קבועים (5),קבועה,
שבויים,13,מונח_ידוע,שבויים (13),שבויי,אנשים המוחזקים בידי הצד השני במסגרת הסכסוך
גופי האו״ם,12,ביטוי,גופי האו״ם (12),גופי האו״ם מוסד; גופי האו״ם מוסד בינלאומיים; וגופי האו״ם; האו״ם,
דין,12,מילה,דין (12),,
הצבא ומערכת ביטחון,12,ביטוי,הצבא ומערכת הביטחון (12),ודוברי הצבא ומערכת ביטחון; ומערכת ביטחון; מערכת ביטחון; הצבא ומערכת; ביטחון; הצבא,
הרתעה,12,מונח_ידוע,הרתעה (10); ההרתעה (2),,מדיניות אמצעים נגד אוכלוסייה או קבוצה לשם מניעה או תגובה
התנגדות,12,מילה,התנגדות (12),ההתנגדות; פעולת התנגדות,
ודוברי הצבא ומערכת ביטחון,12,ביטוי,ודוברי הצבא ומערכת הביטחון (12),הצבא ומערכת ביטחון; ודוברי הצבא ומערכת; ומערכת ביטחון; מערכת ביטחון; הצבא ומערכת; ודוברי הצבא; ביטחון; ודוברי,
ופעילים,12,מילה,ופעילים (12),פעיל,
חיזבאללה,12,מילה,חיזבאללה (12),,
חייל,12,מילה,חיילים (5); וחיילים (2); חייל (2); בחיילים (1); כחייל (1); שחייל (1),,
ישראל עולם,12,ביטוי,בישראל ובעולם (12),ישראל; עולם,
מוגדר,12,מילה,מוגדר (8); מוגדרים (4),,
מוות,12,מילה,מוות (12),המוות,
מטרה,12,מילה,מטרות (9); מטרה (3),,
מלחמת העצמאות,12,מונח_ידוע,מלחמת העצמאות (12),,המלחמה על עתיד הארץ והקמת מדינת ישראל 1947–1949
מסמך,12,מילה,מסמכים (7); במסמכים (3); ובמסמכים (1); ומסמכים (1),מסמך רשמיים,
מעמד,12,מילה,מעמד (12),למעמד; מעמדם,
מציב,12,מילה,מציב (12),,
משטרה,12,מילה,המשטרה (6); והמשטרה (4); כמשטרה (1); משטרה (1),משטר,
סדר,12,מילה,סדר (12),,
עולם,12,מילה,בעולם (7); העולם (5),ישראל עולם,
עימות,12,מילה,עימותים (7); עימות (5),העימות; קו העימות,
עקירה,12,מונח_ידוע,עקירה (9); העקירה (3),,הזזה כפויה של אוכלוסייה ממקום מגורים או שהייה בהקשר של סכסוך ופעולה מדינתית
קמפיינים,12,מילה,קמפיינים (12),קמפיינים ציבוריים,
קרב,12,מילה,קרב (12),,
תנועה,12,מילה,תנועה (9); תנועות (3),התנועה,
אזרחי ישראל,11,ביטוי,אזרחי ישראל (11),פלסטיני אזרחי ישראל; ישראל; אזרח,
אפרטהייד,11,מונח_ידוע,אפרטהייד (7); האפרטהייד (3); כאפרטהייד (1),,המצב המדיני־ביטחוני בין ישראל לפלסטינים מאז 1967
בג״ץ,11,מילה,בג״ץ (11),לבג״ץ,
בחברה,11,מילה,בחברה (11),בחברה הערבית; חברה,
בקרב,11,מילה,בקרב (11),,
המתייחסים,11,מילה,המתייחסים (11),,
התנקשות,11,מונח_ידוע,התנקשות (11),,הרג יזום של יעד ביטחוני בידי מדינת ישראל
זהות,11,מילה,זהות (11),הזהות,
חקירה,11,מילה,חקירות (6); חקירה (5),,
למרחב,11,מילה,למרחב (11),,
מוסד בינלאומיים,11,ביטוי,ומוסדות בינלאומיים (11),גופי האו״ם מוסד בינלאומיים; האו״ם מוסד בינלאומיים; מוסד,
מכוון,11,מילה,מכוון (11),,
מעבר,11,מונח_ידוע,מעבר (9); המעבר (1); במעבר (1),,נקודת בקרה שמסדירה ומגבילה תנועה בין אזורים בשליטה שונה
משפט הומניטרי,11,ביטוי,המשפט ההומניטרי (7); במשפט ההומניטרי (4),המשפט הומניטרי,
נוכחות,11,מילה,נוכחות (11),הנוכחות,
ניתוח,11,מילה,ניתוח (7); ניתוחים (4),,
נקודת,11,מילה,נקודת (11),נקודת המבט,
סבבי,11,מילה,סבבי (11),סבבי הלחימה,
עלייה,11,מילה,עלייה (11),,
ערב,11,מילה,ערבים (6); ערב (5),,
פעיל,11,מילה,פעילים (6); פעיל (5),ופעילים,
ריבונות,11,מילה,ריבונות (11),הריבונות,
שלטון,11,מילה,שלטון (11),השלטון; שלטון הפקידים; שלטון חוק,
תקשורת בינלאומית,11,ביטוי,תקשורת בינלאומית (7); ותקשורת בינלאומית (4),תקשורת,
אסירים,10,מונח_ידוע,אסירים (8); האסירים (1); ואסירים (1),,אנשים המוחזקים בידי הצד השני במסגרת הסכסוך
ארץ ישראל,10,ביטוי,בארץ ישראל (6); לארץ ישראל (2); ארץ ישראל (2),ישראל,
גופי האו״ם מוסד,10,ביטוי,גופי האו״ם ומוסדות (10),גופי האו״ם מוסד בינלאומיים; גופי האו״ם; האו״ם מוסד; האו״ם; מוסד; האו״ם מוסד בינלאומיים,
גופי האו״ם מוסד בינלאומיים,10,ביטוי,גופי האו״ם ומוסדות בינלאומיים (10),האו״ם מוסד בינלאומיים; גופי האו״ם מוסד; מוסד בינלאומיים; גופי האו״ם; האו״ם מוסד; האו״ם; מוסד,
האו״ם מוסד,10,ביטוי,האו״ם ומוסדות (10),גופי האו״ם מוסד; גופי האו״ם מוסד בינלאומיים; האו״ם מוסד בינלאומיים; האו״ם; מוסד,
האו״ם מוסד בינלאומיים,10,ביטוי,האו״ם ומוסדות בינלאומיים (10),גופי האו״ם מוסד בינלאומיים; מוסד בינלאומיים; האו״ם מוסד; האו״ם; מוסד; גופי האו״ם מוסד,
הביקורתי,10,מילה,הביקורתי (10),ביקורת,
ההבדלים,10,מילה,ההבדלים (10),,
היקף,10,מילה,היקף (10),,
השלטון,10,מילה,השלטון (10),שלטון,
התנועה,10,מילה,התנועה (10),תנועה,
חוויית,10,מילה,חוויית (10),,
חוקיים,10,מילה,חוקיים (10),בלתי חוקיים; מאחזים בלתי חוקיים; קיים,
כליאה,10,מילה,כליאה (10),כליאה ללא משפט,
מהגרים,10,מונח_ידוע,מהגרים (8); ומהגרים (2),מהגרי,הגעה של תושבי חוץ להשתקעות בישראל
מלחמה חרבות ברזל,10,ביטוי,מלחמת חרבות ברזל (10),חרבות ברזל; מלחמה,
נאומים,10,מילה,נאומים (10),,
עקורים,10,מונח_ידוע,עקורים (10),,אנשים שנאלצו לעזוב את מקום מגוריהם בישראל בשל סכסוך או החלטת מדינה
עשרות,10,מילה,עשרות (10),,
פשע מלחמה,10,ביטוי,פשעי מלחמה (5); פשע מלחמה (3); לפשע מלחמה (2),מלחמה,
רצועת עזה,10,ביטוי,רצועת עזה (7); ברצועת עזה (3),,
שביתת נשק,10,ביטוי,שביתת הנשק (10),גבול שביתת נשק,
אוסלו,9,מילה,אוסלו (9),,
איום,9,מילה,איום (9),,
אמנה,9,מילה,ואמנות (3); אמנות (3); האמנות (1); לאמנות (1); באמנה (1),,
בעומק,9,מילה,בעומק (9),,
ברשתות,9,מילה,ברשתות (9),,
ג׳יהאד,9,מונח_ידוע,ג׳יהאד (5); והג׳יהאד (3); הג׳יהאד (1),,פעולה אלימה ממניע לאומי/פוליטי במסגרת הסכסוך הישראלי־פלסטיני
גיוס,9,מילה,גיוס (9),גזירת הגיוס; הגיוס; חוק הגיוס,
דוד,9,מילה,דוד (9),,
ההפיכה,9,מילה,ההפיכה (9),ההפיכה המשטרית,
הזהות,9,מילה,הזהות (9),זהות,
המוות,9,מילה,המוות (9),מוות,
הנכבה,9,מונח_ידוע,הנכבה (9),נכבה,המלחמה על עתיד הארץ והקמת מדינת ישראל 1947–1949
הפער,9,מילה,הפער (9),,
השפה,9,מילה,השפה (9),,
חדשות,9,מילה,חדשות (9),,
חזרה,9,מילה,חזרה (9),,
חקיקה,9,מילה,חקיקה (9),,
ישירה,9,מילה,ישירה (6); ישירות (3),ישיר,
כוונה,9,מילה,כוונה (9),,
כניסת,9,מילה,כניסת (9),,
מידע,9,מילה,מידע (9),,
מקום מדינה,9,ביטוי,קום המדינה (9),מדינה,
נהרג,9,מונח_ידוע,נהרג (9),נהרגו,מוות של בני אדם בסכסוך/אלימות/אסון
סכסוך הישראלי,9,ביטוי,הסכסוך הישראלי (9),סכסוך הישראלי-פלסטיני; ישראל; סכסוך,
עבודה,9,מילה,עבודה (9),מהגרי עבודה,
פתרון,9,מילה,פתרון (9),,
קפלן,9,מילה,קפלן (9),מחאת קפלן,
רחבה,9,מילה,רחבה (9),,
שהמדינה,9,מילה,שהמדינה (9),מדינה,
שונה,9,מילה,שונות (5); שונה (4),האינתיפאדה הראשונה; הראשונה,
שחרור,9,מילה,שחרור (9),השחרור; מלחמה השחרור,
תחילת,9,מילה,תחילת (9),מאז תחילת,
תכנון,9,מילה,תכנון (9),,
אזור חיץ,8,מונח_ידוע,אזור חיץ (8),,מרחב ביטחוני בצפון שנועד להרחיק איומים מהגבול עם ישראל
בדיווח,8,מילה,בדיווחים (4); בדיווח (4),,
בולט,8,מילה,בולט (8),בולט במיוחד,
בולט במיוחד,8,ביטוי,בולט במיוחד (8),בולט,
בית,8,מילה,בית (8),,
בכפרים,8,מילה,בכפרים (8),,
בלתי חוקיים,8,ביטוי,בלתי חוקיים (8),מאחזים בלתי חוקיים; חוקיים; קיים,
במפורש,8,מילה,במפורש (8),,
בתים,8,מילה,בתים (8),,
דיר יאסין,8,ביטוי,דיר יאסין (8),טבח דיר יאסין; כיבוש דיר יאסין; פרשת דיר יאסין; יאסין,
האינתיפאדה השנייה,8,ביטוי,האינתיפאדה השנייה (8),האינתיפאדה,
האצ״ל,8,ביטוי,האצ״ל (7); והאצ״ל (1),,
הגיוס,8,מילה,הגיוס (8),גזירת הגיוס; חוק הגיוס; גיוס,
ההתנתקות,8,מילה,ההתנתקות (8),התנתקות,
הודעות,8,מילה,הודעות (8),,
הוצאה להורג,8,מונח_ידוע,הוצאה להורג (8),,הרג יזום של יעד ביטחוני בידי מדינת ישראל
הזיכרון,8,מילה,הזיכרון (8),זיכרון,
החברה,8,מילה,החברה (8),חברה,
הישראלי-פלסטיני,8,מילה,הישראלי-פלסטיני (8),סכסוך הישראלי-פלסטיני; ישראל,
הכניסה,8,מילה,הכניסה (8),,
המבט,8,מילה,המבט (8),נקודת המבט,
המכשול,8,מילה,המכשול (8),,
המנדט,8,מילה,המנדט (8),המנדט הבריטי,
הציבור,8,מילה,הציבור (8),ציבור,
השואה,8,מילה,השואה (8),,
השוואה,8,מילה,השוואות (5); השוואה (3),,
השחרור,8,מילה,השחרור (8),מלחמה השחרור; שחרור,
התיישבות,8,מילה,התיישבות (8),ההתיישבות,
ומכוני,8,מילה,ומכוני (8),ומכוני מחקר,
חרדים,8,מילה,חרדים (8),,
חריפה,8,מילה,חריפה (8),,
טרנספר,8,מונח_ידוע,טרנספר (8),טרנספר מרצון,הזזה כפויה של אוכלוסייה ממקום מגורים או שהייה בהקשר של סכסוך ופעולה מדינתית
מאז האינתיפאדה,8,ביטוי,מאז האינתיפאדה (8),האינתיפאדה,
מוגבל,8,מילה,מוגבל (5); מוגבלים (3),,
מחבר,8,מילה,מחבר (8),ומחבר,
ממד,8,מילה,ממד (8),,
ממלכתי,8,מילה,ממלכתיים (4); ממלכתי (4),,
מניעת,8,מילה,מניעת (8),,
מסתננים,8,מונח_ידוע,מסתננים (7); המסתננים (1),,"אנשים שנכנסו לישראל ללא מעמד קבוע, בשל סכסוך, רדיפה או מצוקה"
מפונים,8,מונח_ידוע,מפונים (6); המפונים (2),,אנשים שנאלצו לעזוב את מקום מגוריהם בישראל בשל סכסוך או החלטת מדינה
מצייר,8,מילה,מצייר (8),,
משפט בין-לאומי,8,ביטוי,במשפט הבין-לאומי (5); המשפט הבין-לאומי (3),,
נוספים,8,מילה,נוספים (8),,
נזק,8,מילה,נזק (8),,
סוף,8,מילה,סוף (8),,
סיכולים,8,מילה,סיכולים (8),סיכולים ממוקדים,
סיכולים ממוקדים,8,ביטוי,סיכולים ממוקדים (8),סיכולים,
סכנה,8,מילה,סכנה (8),,
פלסטין,8,מונח_ידוע,פלסטין (7); בפלסטין (1),,המרחב שבין הקו הירוק לנהר הירדן
קולקטיבית,8,מילה,קולקטיבית (8),ענישה קולקטיבית,
אושוויץ,7,מילה,אושוויץ (7),גבול אושוויץ,
איסור,7,מילה,איסור (7),,
ב-1948,7,מילה,ב-1948 (7),,
באמצעות,7,מילה,באמצעות (7),,
בחינה ימין הישראלי ופוליטיקאים,7,ביטוי,מחנה הימין הישראלי ופוליטיקאים (7),ימין הישראלי ופוליטיקאים; הישראלי ופוליטיקאים; ימין הישראלי; ופוליטיקאים; בחינה ימין; פוליטיקאים; ישראל; ימין,
בכיר,7,מילה,בכירים (4); בכיר (3),,
בלפור,7,מילה,בלפור (7),,
ברורה,7,מילה,ברורה (7),ברור,
בתקופת,7,מילה,בתקופת (7),,
גוש,7,מילה,גוש (7),,
דרום לבנון,7,ביטוי,בדרום לבנון (6); דרום לבנון (1),לבנון; דרום,
ה-7 באוקטובר,7,ביטוי,ה-7 באוקטובר (7),אירוע ה-7 באוקטובר; טבח ה-7 באוקטובר; מלחמה ה-7 באוקטובר; מתקפת ה-7 באוקטובר; 7 באוקטובר,
הבריטי,7,מילה,הבריטי (7),המנדט הבריטי,
הגדר,7,מילה,הגדר (7),ההגדרה,
ההיבט,7,מילה,ההיבט (7),,
ההפרדה,7,מילה,ההפרדה (7),גדר ההפרדה; חומת ההפרדה,
ההתיישבות,7,מילה,ההתיישבות (7),התיישבות,
החטופים,7,מילה,החטופים (7),חטופים,
החינוך,7,מילה,החינוך (7),מערכת החינוך; חינוך,
הישראלי ופוליטיקאים,7,ביטוי,הישראלי ופוליטיקאים (7),בחינה ימין הישראלי ופוליטיקאים; ימין הישראלי ופוליטיקאים; ופוליטיקאים; פוליטיקאים; ישראל,
הכול,7,מילה,הכול (7),,
הכפר,7,מילה,הכפר (7),,
המדברים,7,מילה,המדברים (7),,
המשפט הומניטרי,7,ביטוי,המשפט ההומניטרי (7),משפט הומניטרי,
הפרת,7,מילה,הפרת (7),,
הצדדים,7,מילה,הצדדים (7),,
הקמת,7,מילה,הקמת (7),,
הרג אזרחים,7,מונח_ידוע,הרג אזרחים (7),אזרח,פגיעה באזרחים במהלך תקיפות צבאיות
התבסס מאז,7,ביטוי,התבסס מאז (7),התבסס,
התנחלויות,7,מונח_ידוע,התנחלויות (4); וההתנחלויות (1); והתנחלויות (1); בהתנחלויות (1),ההתנחלויות,היישובים היהודיים בגדה
התנתקות,7,מונח_ידוע,התנתקות (5); וההתנתקות (1); בהתנתקות (1),ההתנתקות,הזזה כפויה של אוכלוסייה ממקום מגורים או שהייה בהקשר של סכסוך ופעולה מדינתית
וגופי האו״ם,7,ביטוי,וגופי האו״ם (7),גופי האו״ם; האו״ם,
ומכוני מחקר,7,ביטוי,ומכוני מחקר (7),ומכוני; מחקר,
ושיח אקדמי,7,ביטוי,ושיח אקדמי (7),אקדמי,
חברה,7,מילה,חברה (7),בחברה; בחברה הערבית; החברה,
חדשים,7,מילה,חדשים (7),,
חוסל,7,מונח_ידוע,חוסל (7),,מוות של בני אדם בסכסוך/אלימות/אסון
חופש,7,מילה,חופש (7),,
חירום,7,מילה,חירום (7),,
חסרי,7,מילה,חסרי (7),,
יחסית,7,מילה,יחסית (7),,
ימין הישראלי ופוליטיקאים,7,ביטוי,הימין הישראלי ופוליטיקאים (7),בחינה ימין הישראלי ופוליטיקאים; הישראלי ופוליטיקאים; ימין הישראלי; ופוליטיקאים; פוליטיקאים; ישראל; ימין,
לימוד,7,מילה,לימוד (7),,
מאז תחילת,7,ביטוי,מאז תחילת (7),תחילת,
מחאת,7,מילה,מחאת (7),מחאת קפלן,
מיעוט,7,מילה,מיעוט (4); מיעוטים (3),,
מקצועי,7,מילה,מקצועי (7),,
משמעות,7,מילה,משמעות (7),,
מתקפת,7,מילה,מתקפת (7),מתקפת ה-7 באוקטובר,
נותר,7,מילה,נותר (7),,
ניסיון,7,מילה,ניסיון (7),,
נכנס לשיח,7,ביטוי,נכנס לשיח (7),נכנס,
סיוע הומניטרי,7,מונח_ידוע,סיוע הומניטרי (7),סיוע,העברת אספקה אזרחית לשטח בשליטת ארגון אויב
סיכול ממוקד,7,מונח_ידוע,סיכול ממוקד (7),,הרג יזום של יעד ביטחוני בידי מדינת ישראל
עזה לבנון,7,ביטוי,בעזה ובלבנון (5); לעזה וללבנון (2),לבנון,
עיר דוד,7,מונח_ידוע,עיר דוד (7),,המרחב הארכאולוגי־עירוני מדרום לחומות העיר העתיקה בירושלים
פוגרומים,7,מילה,פוגרומים (7),,
ציבור,7,מילה,ציבור (7),הציבור; קמפיינים ציבוריים,
קבוצות,7,מילה,קבוצות (7),,
קטיף,7,מילה,קטיף (7),גוש קטיף,
קיים,7,מילה,קיים (7),בלתי חוקיים; חוקיים; מאחזים בלתי חוקיים,
רצועת ביטחון,7,ביטוי,רצועת ביטחון (5); רצועת הביטחון (2),ביטחון,
רקטות,7,מילה,רקטות (7),ירי רקטות,
רשויות,7,מילה,רשויות (7),הרשויות,
שוויון,7,מילה,שוויון (7),שוויון בנטל,
שניתן,7,מילה,שניתן (7),,
תווית,7,מילה,תווית (7),,
אובדן,6,מילה,אובדן (6),,
אישה,6,מילה,נשים (6),,
אישום,6,מילה,אישום (6),,
אלפי,6,מילה,אלפי (6),,
אסון,6,מילה,אסון (6),,
בזירה,6,מילה,בזירה (6),בזירה בינלאומית,
בזירה בינלאומית,6,ביטוי,בזירה הבינלאומית (6),בזירה,
בחברה הערבית,6,ביטוי,בחברה הערבית (6),בחברה; חברה,
בלבד,6,מילה,בלבד (6),,
בלט,6,מילה,בלט (6),,
בני ערובה,6,מונח_ידוע,בני ערובה (6),,אנשים המוחזקים בידי הצד השני במסגרת הסכסוך
בניגוד,6,מילה,בניגוד (6),,
גבוהה,6,מילה,גבוהה (6),,
גוש קטיף,6,ביטוי,גוש קטיף (6),קטיף,
דה-פקטו,6,מילה,דה-פקטו (6),,
ההיסטורית,6,מילה,ההיסטורית (6),,
ההשלכות,6,מילה,ההשלכות (6),,
ההתנחלויות,6,מילה,ההתנחלויות (6),התנחלויות,
החברתיות,6,מילה,החברתיות (6),,
החלטה,6,מילה,כהחלטה (3); ההחלטה (2); בהחלטה (1),,
החרדי,6,מילה,החרדי (6),,
הכפייה,6,מילה,הכפייה (6),,
הליך,6,מילה,הליך (6),תהליך,
הליכי,6,מילה,הליכי (6),,
המבקרים,6,מילה,המבקרים (6),,
המוני,6,מילה,המוני (6),,
המידתיות,6,מילה,המידתיות (6),,
המערכה,6,מילה,המערכה (6),,
המרד הערבי הגדול,6,מונח_ידוע,המרד הערבי הגדול (6),,התקוממות הערבים בארץ ישראל נגד הבריטים והיישוב היהודי (1936–1939)
הנוכחות,6,מילה,הנוכחות (6),נוכחות,
העברת,6,מילה,העברת (6),,
העימות,6,מילה,העימות (6),קו העימות; עימות,
הריסת,6,מילה,הריסת (6),,
הרשויות,6,מילה,הרשויות (6),רשויות,
השמדה,6,מילה,השמדה (6),,
ובלט,6,מילה,ובלט (6),,
והיסטוריונים,6,מילה,והיסטוריונים (6),,
וחוקרים,6,מילה,וחוקרים (6),,
ופוליטיקאים ישראלים,6,ביטוי,ופוליטיקאים ישראלים (6),פוליטיקאים ישראלים; ופוליטיקאים; פוליטיקאים; ישראל,
ופרשנים ועיתונאים,6,ביטוי,ופרשנים ועיתונאים (6),פרשנים ועיתונאים; ועיתונאים; ופרשנים; פרשנים,
זר,6,מילה,זר (6),,
חינוך,6,מילה,חינוך (6),החינוך; מערכת החינוך,
טיהור אתני,6,מונח_ידוע,טיהור אתני (5); וטיהור אתני (1),,הזזה כפויה של אוכלוסייה ממקום מגורים או שהייה בהקשר של סכסוך ופעולה מדינתית
יזומה,6,מילה,יזומה (6),,
ירי רקטות,6,ביטוי,ירי רקטות (6),רקטות,
ישיר,6,מילה,ישיר (6),ישירה,
ישראל וגופים,6,ביטוי,ישראל וגופים (6),ממשלות ישראל וגופים; ישראל,
כולם,6,מילה,כולם (6),,
כפויה,6,מילה,כפויה (6),,
לח״י,6,ביטוי,והלח״י (6),,
לכאורה,6,מילה,לכאורה (6),,
לשיא,6,מילה,לשיא (6),הגיע לשיא,
מ-2023 סביב,6,ביטוי,מ-2023 סביב (6),מ-2023,
מאמרים,6,מילה,מאמרים (6),,
מבצעי,6,מילה,מבצעי (6),פעולה מבצעית; מבצע,
מהגרי,6,מילה,מהגרי (6),מהגרי עבודה; מהגרים,
מוסד מדינה,6,ביטוי,מוסדות המדינה (4); במוסדות המדינה (2),מדינה; מוסד,
מכוונת,6,מילה,מכוונת (6),,
ממשל צבאי,6,מונח_ידוע,ממשל צבאי (6),,שלטון צבאי ישראלי על אוכלוסייה פלסטינית
מעמדם,6,מילה,מעמדם (6),מעמד,
מעצר מנהלי,6,מונח_ידוע,מעצר מנהלי (6),מעצר,שלילת חירות ללא כתב אישום והליך פלילי מלא
מערכת ביטחון,6,ביטוי,מערכת הביטחון (6),הצבא ומערכת ביטחון; ודוברי הצבא ומערכת ביטחון; ומערכת ביטחון; ביטחון,
מרכז,6,מילה,מרכז (6),,
מתוכננת,6,מילה,מתוכננת (6),,
נהרגו,6,מילה,נהרגו (6),נהרג,
נוספות,6,מילה,נוספות (6),,
ניהול,6,מילה,ניהול (6),,
ניסוח,6,מילה,ניסוחים (3); ניסוח (3),,
נכבה,6,מילה,נכבה (6),הנכבה,
נפוץ,6,מילה,נפוץ (6),,
נקודת המבט,6,ביטוי,נקודת המבט (6),נקודת; המבט,
נרצחו,6,מילה,נרצחו (6),נרצח,
סילוואן,6,מונח_ידוע,סילוואן (4); בסילוואן (2),,המרחב הארכאולוגי־עירוני מדרום לחומות העיר העתיקה בירושלים
סיקור,6,מילה,סיקור (6),,
עונש,6,מילה,עונש (6),,
פגיעה אזרח,6,ביטוי,לפגיעה באזרחים (3); פגיעה באזרחים (3),פגיעה; אזרח,
פשיעה,6,מילה,פשיעה (6),פשיעה לאומנית,
ציוד,6,מילה,ציוד (6),,
קיבל,6,מילה,קיבל (6),,
רצח עם,6,מונח_ידוע,רצח עם (4); ורצח עם (1); ברצח עם (1),,הרג המוני מכוון של אוכלוסייה
רצף,6,מילה,רצף (6),,
שטח אויב,6,ביטוי,לשטח אויב (3); שטח אויב (3),אויב,
שכונות,6,מילה,שכונות (6),,
תושבים,6,מילה,תושבים (6),התושבים,
תיעוד,6,מילה,תיעוד (6),,
תמיכה,6,מילה,תמיכה (6),,
תעמולה,6,מונח_ידוע,תעמולה (6),,מאמץ מאורגן לעיצוב תודעה ודעת קהל ביחס למדיניות ופעולות ישראל
תעסוקה,6,מילה,תעסוקה (6),,
תרפ״ט,6,מילה,תרפ״ט (6),מאורעות תרפ״ט; פרעות תרפ״ט,
אלימות מתנחל,5,ביטוי,אלימות מתנחלים (5),מתנחל,
אתנית,5,מילה,אתנית (5),,
ב-7,5,מילה,ב-7 (5),,
ב-7 באוקטובר,5,ביטוי,ב-7 באוקטובר (5),7 באוקטובר,
בבית,5,מילה,בבית (5),,
בהקשרים,5,מילה,בהקשרים (5),,
בלחימה,5,מילה,בלחימה (5),לחימה,
בלשון,5,מילה,בלשון (5),,
במרחב,5,מילה,במרחב (5),,
בעוצמה,5,מילה,בעוצמה (5),,
ברור,5,מילה,ברור (5),ברורה,
גבעות,5,מילה,גבעות (5),נערי גבעות,
גנאי,5,מילה,גנאי (5),,
דיוני,5,מילה,דיוני (5),,
דעה,5,מילה,דעה (5),,
דעת,5,מילה,דעת (5),,
האינתיפאדה הראשונה,5,ביטוי,האינתיפאדה הראשונה (5),האינתיפאדה; הראשונה; שונה,
האנושות,5,מילה,האנושות (5),,
הבית,5,מילה,הבית (5),,
הגיע,5,מילה,הגיע (5),הגיע לשיא,
הגיע לשיא,5,ביטוי,הגיע לשיא (5),הגיע; לשיא,
הדרישה,5,מילה,הדרישה (5),,
הדתי-לאומי,5,מילה,הדתי-לאומי (5),,
ההגדרה,5,מילה,ההגדרה (5),הגדר,
ההפיכה המשטרית,5,מונח_ידוע,ההפיכה המשטרית (5),ההפיכה; משטר,תוכנית לשינויים רחבים במערכת המשפט וביחסי הרשויות בישראל
ההתנגדות,5,מילה,ההתנגדות (5),התנגדות,
החוויה,5,מילה,החוויה (5),,
החלטת,5,מילה,החלטת (5),,
היסטוריה,5,מילה,היסטוריה (5),,
המזוהים,5,מילה,המזוהים (5),,
המנדט הבריטי,5,ביטוי,המנדט הבריטי (5),הבריטי; המנדט,
המנתחים,5,מילה,המנתחים (5),,
המצטטים,5,מילה,המצטטים (5),,
המציאות,5,מילה,המציאות (5),,
הסלמה,5,מונח_ידוע,הסלמה (5),,פעולה צבאית/ביטחונית חדשה בעקבות אירוע קודם במסגרת הסכסוך
העברה,5,מילה,העברה (5),,
הפכה,5,מילה,הפכה (5),,
הצהרות,5,מילה,הצהרות (5),,
הצורך,5,מילה,הצורך (5),,
הקרב,5,מילה,הקרב (5),,
הריבונות,5,מילה,הריבונות (5),ריבונות,
הריגה,5,מילה,הריגה (5),,
הרס,5,מילה,הרס (5),,
התוכנית,5,מילה,התוכנית (5),,
התושבים,5,מילה,התושבים (5),תושבים,
התעצם,5,מילה,התעצם (5),,
ואתרי,5,מילה,ואתרי (5),,
וביתר שאת מ-2023,5,ביטוי,וביתר שאת מ-2023 (5),מ-2023; וביתר,
והפך,5,מילה,והפך (5),,
והשב״כ,5,מילה,והשב״כ (5),,
ומבקר,5,מילה,ומבקר (5),ומבקר מדינה,
ומבקר מדינה,5,ביטוי,ומבקר המדינה (5),ומבקר; מדינה,
ומחבר,5,מילה,ומחבר (5),מחבר,
ומסמכי מדיניות,5,ביטוי,ומסמכי מדיניות (5),מסמכי מדיניות; מדיניות,
ומצמצם,5,מילה,ומצמצם (5),,
ומשרד,5,מילה,ומשרד (5),,
ועדות,5,מילה,ועדות (5),,
חדירת,5,מילה,חדירת (5),,
חילופי,5,מילה,חילופי (5),,
חמורה,5,מילה,חמורה (5),,
יחס,5,מילה,יחס (5),,
יישוב יהודי,5,ביטוי,היישוב היהודי (3); ביישוב היהודי (2),יישוב,
יישובי צפון,5,ביטוי,יישובי הצפון (5),יישוב; צפון,
ילד,5,מילה,ילדים (4); לילד (1),,
ימנים,5,מונח_ידוע,ימנים (5); מחנה הימין (23),,מחנה הימין התומך בבנימין נתניהו
יצירת,5,מילה,יצירת (5),,
כשהוא,5,מילה,כשהוא (5),,
לבג״ץ,5,מילה,לבג״ץ (5),בג״ץ,
למחנה,5,מילה,למחנה (5),,
למעמד,5,מילה,למעמד (5),מעמד,
לעתים,5,מילה,לעתים (5),,
מאוקטובר,5,מילה,מאוקטובר (5),מאוקטובר 2023,
מאוקטובר 2023,5,ביטוי,מאוקטובר 2023 (5),מאוקטובר,
מאורעות תרצ״ו תרצ״ט,5,מונח_ידוע,מאורעות תרצ״ו–תרצ”ט (5),,התקוממות הערבים בארץ ישראל נגד הבריטים והיישוב היהודי (1936–1939)
מאז סוף,5,ביטוי,מאז סוף (5),,
מבחין,5,מילה,מבחין (5),,
מדיניים,5,מילה,מדיניים (5),,
מהגרי עבודה,5,ביטוי,מהגרי עבודה (5),מהגרי; עבודה,
מהימין,5,מילה,מהימין (5),ימין,
מזון,5,מילה,מזון (5),,
מזרח,5,מילה,מזרח (5),,
מחאת קפלן,5,ביטוי,מחאת קפלן (5),מחאת; קפלן,
מחלוקת,5,מילה,מחלוקת (5),,
מלחמה עזה,5,ביטוי,מלחמת עזה (3); מלחמות עזה (2),מלחמה עזה 2023; מלחמה,
ממושכת,5,מילה,ממושכת (5),,
ממשלות ישראל וגופים,5,ביטוי,ממשלות ישראל וגופים (5),ישראל וגופים; ממשלות ישראל; ישראל; ממשלות ישראל ודוברי; ממשלות ישראל ודוברי הצבא,
מסוף,5,מילה,מסוף (5),,
מסמך רשמיים,5,ביטוי,מסמכים רשמיים (3); במסמכים רשמיים (2),מסמך,
מסמכי מדיניות,5,ביטוי,מסמכי מדיניות (5),ומסמכי מדיניות; מדיניות,
מערכות,5,מילה,מערכות (5),,
מערכת החינוך,5,ביטוי,מערכת החינוך (5),החינוך; חינוך,
מפקד,5,מילה,מפקד (5),,
מרד,5,מילה,מרד (5),,
משקל,5,מילה,משקל (5),,
מתמשך,5,מילה,מתמשך (5),,
נוטרל,5,מונח_ידוע,נוטרל (5),,מוות של בני אדם בסכסוך/אלימות/אסון
נזק אגבי,5,מונח_ידוע,נזק אגבי (5),,פגיעה באזרחים במהלך תקיפות צבאיות
סבבי הלחימה,5,ביטוי,סבבי הלחימה (5),הלחימה; לחימה; סבבי,
סוף שנה,5,ביטוי,סוף שנות (5),,
סכסוך הישראלי-פלסטיני,5,ביטוי,הסכסוך הישראלי-פלסטיני (5),הישראלי-פלסטיני; סכסוך הישראלי; ישראל; סכסוך,
סמכות,5,מילה,סמכות (5),,
סתם,5,מילה,סתם (5),,
עיירות פיתוח,5,מונח_ידוע,עיירות פיתוח (5),,יישובים יהודיים בעשירונים נמוכים מחוץ למרכז ההיסטורי
עליו,5,מילה,עליו (5),,
ענישה קולקטיבית,5,ביטוי,ענישה קולקטיבית (5),קולקטיבית; ענישה,
ערביי,5,מילה,ערביי (5),,
עשוי,5,מילה,עשוי (5),,
פלישה,5,מונח_ידוע,פלישה (4); בפלישה (1),,הפעלת כוחות צבא יבשתיים בשטח שאינו בשליטת ישראל
פרעות,5,מילה,פרעות (5),הפרעות סדר; פרעות תרפ״ט,
צבא,5,מילה,צבא (5),,
קבועה,5,מילה,קבועה (5),קבוע,
קודם,5,מילה,קודם (5),,
קורבנות,5,מילה,קורבנות (5),,
קמפיינים ציבוריים,5,ביטוי,קמפיינים ציבוריים (5),קמפיינים; ציבור,
ריבוני,5,מילה,ריבוני (5),ריבונית,
ריבונית,5,מילה,ריבונית (5),ריבוני,
רקע,5,מילה,רקע (5),,
שבויי,5,מילה,שבויי (5),שבויים,
שטח כבוש,5,מונח_ידוע,שטח כבוש (3); בשטח כבוש (2),,מרחב ביטחוני בצפון שנועד להרחיק איומים מהגבול עם ישראל
שיקום,5,מילה,שיקום (5),,
שירות,5,מילה,שירות (5),,
שלום,5,מילה,שלום (5),,
שפה,5,מילה,שפה (5),,
תהליך,5,מילה,תהליך (5),הליך,
תומכי,5,מילה,תומכי (5),,
תוצאה,5,מילה,תוצאה (5),,
תחושת,5,מילה,תחושת (5),,
תחת שליטה,5,ביטוי,תחת שליטה (5),שליטה,
תנאי,5,מילה,תנאי (5),,
תשתיות,5,מילה,תשתיות (5),,
אנרכיסטים,4,מונח_ידוע,אנרכיסטים (4),,מחנה המחאה הליברלי נגד נתניהו והרפורמה המשפטית
ביביסטים,4,מונח_ידוע,ביביסטים (4),,מחנה הימין התומך בבנימין נתניהו
גבול שביתת נשק,4,מונח_ידוע,גבול שביתת הנשק (4),שביתת נשק; גבול,הגבול בין ישראל לשכנותיה על פי הסכמי שביתת הנשק 1949
כיבוש צבאי,4,מונח_ידוע,כיבוש צבאי (4),כיבוש,הפעלת כוחות צבא יבשתיים בשטח שאינו בשליטת ישראל
כניסה קרקעית,4,מונח_ידוע,כניסה קרקעית (3); הכניסה קרקעית (1),,הפעלת כוחות צבא יבשתיים בשטח שאינו בשליטת ישראל
מחסום,4,מונח_ידוע,מחסום (3); המחסום (1),,נקודת בקרה שמסדירה ומגבילה תנועה בין אזורים בשליטה שונה
מלחמה השחרור,4,מונח_ידוע,מלחמת השחרור (4),השחרור; מלחמה; שחרור,המלחמה על עתיד הארץ והקמת מדינת ישראל 1947–1949
מצור,4,מונח_ידוע,מצור (4),,מצב כלכלי-ביטחוני של הגבלת כניסת סחורות לרצועת עזה
קפלניסטים,4,מונח_ידוע,קפלניסטים (4),,מחנה המחאה הליברלי נגד נתניהו והרפורמה המשפטית
אספקה אויב,3,מונח_ידוע,אספקה לאויב (3),אויב,העברת אספקה אזרחית לשטח בשליטת ארגון אויב
בוגדים,3,מונח_ידוע,בוגדים (3),,מחנה המחאה הליברלי נגד נתניהו והרפורמה המשפטית
גבול אושוויץ,3,מונח_ידוע,גבולות אושוויץ (3),אושוויץ; גבול,הגבול בין ישראל לשכנותיה על פי הסכמי שביתת הנשק 1949
גזירת הגיוס,3,מונח_ידוע,גזירת הגיוס (3),הגיוס; גיוס,תביעה ציבורית ופוליטית לגייס גברים חרדים לשירות צבאי בדומה לשאר האוכלוסייה
דיפ סטייט,3,מונח_ידוע,דיפ סטייט (3),,מערכת הכללים והמוסדות המשפטיים–מנהליים שמגבילים את כוח השלטון בישראל
המגזר הערבי,3,מונח_ידוע,המגזר הערבי (3),,האוכלוסייה הערבית־פלסטינית אזרחית ישראל
הפרעות סדר,3,מונח_ידוע,הפרעות סדר (3),פרעות,יציאה המונית של אנשים למרחב הציבורי כדי למחות או להביע עמדה
כליאה ללא משפט,3,מונח_ידוע,כליאה ללא משפט (2); בכליאה ללא משפט (1),כליאה,שלילת חירות ללא כתב אישום והליך פלילי מלא
מאחזים בלתי חוקיים,3,מונח_ידוע,מאחזים בלתי חוקיים (3),בלתי חוקיים; חוקיים; מאחזים; קיים,היישובים היהודיים בגדה
מלחמה עזה 2023,3,מונח_ידוע,מלחמת עזה 2023 (3),מלחמה עזה; מלחמה,המלחמה שנפתחה בעקבות מתקפת 7 באוקטובר 2023
סגר,3,מונח_ידוע,סגר (3),,מצב כלכלי-ביטחוני של הגבלת כניסת סחורות לרצועת עזה
פגיעה בבלתי מעורבים,3,מונח_ידוע,פגיעה בבלתי מעורבים (3),מעורבים; פגיעה,פגיעה באזרחים במהלך תקיפות צבאיות
פלסטיני אזרחי ישראל,3,מונח_ידוע,פלסטינים אזרחי ישראל (3),אזרחי ישראל; ישראל; אזרח,האוכלוסייה הערבית־פלסטינית אזרחית ישראל
פשיעה לאומנית,3,מונח_ידוע,פשיעה לאומנית (3),פשיעה,מעשי אלימות ועבירות של ישראלים ממניע לאומני נגד פלסטינים ביהודה ושומרון
תמרון קרקעי,3,מונח_ידוע,תמרון קרקעי (3),,הפעלת כוחות צבא יבשתיים בשטח שאינו בשליטת ישראל
גדר ההפרדה,2,מונח_ידוע,גדר ההפרדה (2),ההפרדה,המכשול הפיזי בין ישראל לגדה
חוק הגיוס,2,מונח_ידוע,חוק הגיוס (2),הגיוס; גיוס,תביעה ציבורית ופוליטית לגייס גברים חרדים לשירות צבאי בדומה לשאר האוכלוסייה
חסם הומניטרי,2,מונח_ידוע,חסם הומניטרי (2),,מצב כלכלי-ביטחוני של הגבלת כניסת סחורות לרצועת עזה
טבח דיר יאסין,2,מונח_ידוע,טבח דיר יאסין (2),דיר יאסין; יאסין,ההתקפה והכיבוש של הכפר דיר יאסין באפריל 1948
טרנספר מרצון,2,מונח_ידוע,טרנספר מרצון (2),טרנספר,הזזה כפויה של אוכלוסייה ממקום מגורים או שהייה בהקשר של סכסוך ופעולה מדינתית
יודונאצים,2,מונח_ידוע,יודונאצים (2),,צעירים יהודים רדיקלים המזוהים עם התיישבות קיצונית ואלימות לאומנית ביהודה ושומרון
מאורעות תרפ״ט,2,מונח_ידוע,מאורעות תרפ״ט (2),תרפ״ט,האלימות הערבית נגד היישוב היהודי בארץ ישראל באוגוסט 1929
מלחמה ה-7 באוקטובר,2,מונח_ידוע,מלחמת ה־7 באוקטובר (2),ה-7 באוקטובר; 7 באוקטובר; מלחמה,המלחמה שנפתחה בעקבות מתקפת 7 באוקטובר 2023
מלחמה התקומה,2,מונח_ידוע,מלחמת התקומה (2),מלחמה,המלחמה שנפתחה בעקבות מתקפת 7 באוקטובר 2023
מתקפת ה-7 באוקטובר,2,מונח_ידוע,מתקפת ה-7 באוקטובר (2),ה-7 באוקטובר; 7 באוקטובר; מתקפת,המתקפה והטבח בדרום ישראל ב־7 באוקטובר 2023
נספה,2,מונח_ידוע,נספה (2),,מוות של בני אדם בסכסוך/אלימות/אסון
נערי גבעות,2,מונח_ידוע,נערי גבעות (2),גבעות,צעירים יהודים רדיקלים המזוהים עם התיישבות קיצונית ואלימות לאומנית ביהודה ושומרון
נפל,2,מונח_ידוע,נפל (2),,מוות של בני אדם בסכסוך/אלימות/אסון
נרצח,2,מונח_ידוע,נרצח (2),נרצחו,מוות של בני אדם בסכסוך/אלימות/אסון
פעולה מבצעית,2,מונח_ידוע,בפעולה מבצעית (1); פעולה מבצעית (1),מבצעי; מבצע,פעולה צבאית נקודתית ומוגבלת בשטח אויב לשם משימה מוגדרת
פעולת התנגדות,2,מונח_ידוע,פעולת התנגדות (2),התנגדות,פעולה אלימה ממניע לאומי/פוליטי במסגרת הסכסוך הישראלי־פלסטיני
פעולת טרור,2,מונח_ידוע,פעולת טרור (2),טרור,פעולה אלימה ממניע לאומי/פוליטי במסגרת הסכסוך הישראלי־פלסטיני
קו העימות,2,מונח_ידוע,בקו העימות (1); קו העימות (1),העימות; עימות,מרחב ביטחוני בצפון שנועד להרחיק איומים מהגבול עם ישראל
שטח הכבושים,2,מונח_ידוע,השטחים הכבושים (2),,המרחב שבין הקו הירוק לנהר הירדן
אירוע ה-7 באוקטובר,1,מונח_ידוע,אירוע ה-7 באוקטובר (1),ה-7 באוקטובר; 7 באוקטובר; אירוע,המתקפה והטבח בדרום ישראל ב־7 באוקטובר 2023
אש לא מידתית,1,מונח_ידוע,אש לא מידתית (1),,פגיעה באזרחים במהלך תקיפות צבאיות
גדר הבטחון,1,מונח_ידוע,גדר הבטחון (1),,המכשול הפיזי בין ישראל לגדה
התיישבויות,1,מונח_ידוע,התיישבויות (1),,היישובים היהודיים בגדה
חומת ההפרדה,1,מונח_ידוע,חומת ההפרדה (1),ההפרדה,המכשול הפיזי בין ישראל לגדה
טבח ה-7 באוקטובר,1,מונח_ידוע,טבח ה-7 באוקטובר (1),ה-7 באוקטובר; 7 באוקטובר,המתקפה והטבח בדרום ישראל ב־7 באוקטובר 2023
טרור מתנחל,1,מונח_ידוע,טרור מתנחלים (1),מתנחל; טרור,מעשי אלימות ועבירות של ישראלים ממניע לאומני נגד פלסטינים ביהודה ושומרון
כיבוש דיר יאסין,1,מונח_ידוע,כיבוש דיר יאסין (1),דיר יאסין; יאסין; כיבוש,ההתקפה והכיבוש של הכפר דיר יאסין באפריל 1948
עיירות פריפריה,1,מונח_ידוע,עיירות פריפריה (1),,יישובים יהודיים בעשירונים נמוכים מחוץ למרכז ההיסטורי
ערבים ישראליים,1,מונח_ידוע,ערבים ישראליים (1),ישראל,האוכלוסייה הערבית־פלסטינית אזרחית ישראל
פרעות תרפ״ט,1,מונח_ידוע,פרעות תרפ״ט (1),פרעות; תרפ״ט,האלימות הערבית נגד היישוב היהודי בארץ ישראל באוגוסט 1929
פרשת דיר יאסין,1,מונח_ידוע,פרשת דיר יאסין (1),דיר יאסין; יאסין,ההתקפה והכיבוש של הכפר דיר יאסין באפריל 1948
פשיטה,1,מונח_ידוע,פשיטה (1),,פעולה צבאית נקודתית ומוגבלת בשטח אויב לשם משימה מוגדרת
רצועת הבטחון,1,מונח_ידוע,רצועת הבטחון (1),,מרחב ביטחוני בצפון שנועד להרחיק איומים מהגבול עם ישראל
שוויון בנטל,1,מונח_ידוע,שוויון בנטל (1),שוויון,תביעה ציבורית ופוליטית לגייס גברים חרדים לשירות צבאי בדומה לשאר האוכלוסייה
שלטון הפקידים,1,מונח_ידוע,שלטון הפקידים (1),שלטון,מערכת הכללים והמוסדות המשפטיים–מנהליים שמגבילים את כוח השלטון בישראל
שלטון חוק,1,מונח_ידוע,שלטון החוק (1),שלטון,מערכת הכללים והמוסדות המשפטיים–מנהליים שמגבילים את כוח השלטון בישראל
