מזהה_קבוצה,שם_קבוצה,מזהה_מונח,שם_מונח,שנת_התחלה,שנת_סיום,פרסור_שנים,תקופת_שימוש_בולטת
OBJ-2,המכשול הפיזי בין ישראל לגדה,TERM-001,גדר הבטחון,2000,2009,כן,"מאז תחילת שנות ה־2000, במיוחד סביב החלטות הממשלה על הקמת הגדר והאינתיפאדה השנייה."
OBJ-2,המכשול הפיזי בין ישראל לגדה,TERM-002,גדר ההפרדה,2000,2026,כן,"המונח נכנס לשימוש מאז תחילת בניית המכשול ב־2002, התבסס בשיא העבודות באמצע שנות ה־2000 הן בתקשורת הישראלית והן בשיח הבינלאומי, וממשיך לשמש עד היום בדיווחים ובדיונים על מעמדו ועתידו של התוואי."
OBJ-2,המכשול הפיזי בין ישראל לגדה,TERM-003,חומת ההפרדה,2000,2026,כן,"המונח התבסס מאז תחילת שנות ה־2000 עם התקדמות עבודות הבנייה, התחזק בקרב ארגוני שטח פלסטיניים וארגוני זכויות אדם באמצע העשור, והמשיך לשמש בשיח הביקורתי בישראל ובעולם בשנים שלאחר מכן ועד היום."
OBJ-3,המרחב שבין הקו הירוק לנהר הירדן,TERM-004,יהודה ושומרון,1970,2026,כן,"המונח החל להתבסס משנות ה־70 ושימש באופן נפוץ בשיח הימני ובמסמכים רשמיים של ממשלות ישראל; בשנים האחרונות, מ־2022 ואילך, נעשה מאמץ אקטיבי לעגן אותו כמונח הרשמי במוסדות המדינה במקום ""הגדה המערבית""."
OBJ-3,המרחב שבין הקו הירוק לנהר הירדן,TERM-005,הגדה המערבית,1900,2026,כן,"המונח שימש בהקשרים ירדניים מאמצע המאה ה־20, ומאז 1967 התבסס בשיח הישראלי והבינלאומי כשם המקובל לאזור; בשנים האחרונות, מ־2022 ואילך, ניכר מאמץ פוליטי בישראל לצמצם את השימוש בו במוסדות הרשמיים."
OBJ-3,המרחב שבין הקו הירוק לנהר הירדן,TERM-006,השטחים הכבושים,1960,2026,כן,"המונח התבסס מאז סוף שנות ה־60 בעיקר בשיח הבינלאומי והפלסטיני, התחזק בדוחות ארגוני זכויות אדם ומוסדות בינלאומיים משנות ה־90 ואילך, וממשיך לשמש באופן עקבי בשיח המשפטי והפוליטי הביקורתי עד היום."
OBJ-3,המרחב שבין הקו הירוק לנהר הירדן,TERM-007,פלסטין,1900,1999,כן,"המונח כשם גג למרחב קיים מראשית המאה ה־20, קיבל משמעות מחודשת אחרי 1948 והתעצם אחרי כיבוש הגדה ועזה ב־1967; בשנים האחרונות הוא מקבל דגש חדש סביב שיח ""מדינה אחת"" ו""מהנהר עד הים"" ודיון על משטר יחיד."
OBJ-4,היישובים היהודיים בגדה,TERM-008,התנחלויות,1960,2026,כן,"המונח התבסס מאז סוף שנות ה־60 עם התרחבות היישובים מעבר לקו הירוק, ובלט בשיח הציבורי מימי האינתיפאדה הראשונה, תהליך אוסלו וההתנתקות; הוא התחזק עוד יותר בגלי החרם על ההתנחלויות משנות ה־2000 ואילך."
OBJ-4,היישובים היהודיים בגדה,TERM-009,התיישבויות,1970,2026,כן,"המונח שימש משנות ה־70 ואילך לצד מפעל ההתיישבות ביהודה ושומרון, ובלט במיוחד בשיח הפוליטי והמשפטי סביב חוק ההסדרה בשנים 2016–2017, וביתר שאת במדיניות הממשלה מ־2022 ואילך להרחבת ההתיישבות והכשרתה."
OBJ-4,היישובים היהודיים בגדה,TERM-010,מאחזים,1990,2026,כן,"המונח התבסס מאמצע שנות ה־90 ואילך, במיוחד לאחר הסכמי אוסלו, עם גלי הקמת מאחזים חדשים כתגובה פוליטית ותנועתית; השימוש בו התחזק משנות ה־2000 בשיח על ""הסדרת מאחזים"" ובהחלטות ממשלה ובמפות מדיניות."
OBJ-4,היישובים היהודיים בגדה,TERM-011,מאחזים בלתי חוקיים,1990,2026,כן,"המונח התבסס בעיקר משנות ה־90 ואילך עם ריבוי המאחזים אחרי הסכמי אוסלו והתגברות המעקב המשפטי והציבורי; משנות ה־2000 הוא נעשה שגור בפסיקות בג""ץ ובשיח הפוליטי וממשיך לשמש בדיוני ההסדרה עד היום."
OBJ-5,מעשי אלימות ועבירות של ישראלים ממניע לאומני נגד פלסטינים ביהודה ושומרון,TERM-012,טרור מתנחלים,1990,2020,כן,"המונח הופיע בהקשרים נקודתיים כבר בשנות ה־90, נכנס לשימוש רחב יותר משנות ה־2000 סביב אירועי אלימות חמורים והצתות ""תג מחיר"", והתחזק בשנות ה־2010–2020 כשגורמים בביטחון, באקדמיה ובתקשורת אימצו אותו."
OBJ-5,מעשי אלימות ועבירות של ישראלים ממניע לאומני נגד פלסטינים ביהודה ושומרון,TERM-013,פשיעה לאומנית,2000,2026,כן,המונח התבסס בעיקר משנות ה־2000 ואילך עם עלייה בתיעוד ובמדידה השיטתית של אירועים כאלה במערכת הביטחון; השימוש בו התרחב בשיח הרשמי והתקשורתי בעשור האחרון על רקע גלי האלימות הלאומנית ביהודה ושומרון.
OBJ-6,פעולה אלימה ממניע לאומי/פוליטי במסגרת הסכסוך הישראלי־פלסטיני,TERM-014,פיגוע,1970,2026,כן,המונח נמצא בשימוש כבר משנות ה־70 והפך מרכזי מאז גלי הטרור של שנות ה־90 והאינתיפאדה השנייה בתחילת שנות ה־2000; הוא נותר מונח בסיס בשיח הישראלי בגלי הפיגועים בעשורים האחרונים וביתר שאת מ־2023.
OBJ-6,פעולה אלימה ממניע לאומי/פוליטי במסגרת הסכסוך הישראלי־פלסטיני,TERM-015,פעולת טרור,1948,2023,כן,"המונח מושרש בחקיקה הישראלית מאז פקודת מניעת טרור של 1948 ובמשפט הבינלאומי, אך נעשה נפוץ הרבה יותר בשיח הציבורי מאז גלי הטרור של שנות ה־90, וביתר שאת לאחר ה־11 בספטמבר 2001 ולאחר 7 באוקטובר 2023."
OBJ-6,פעולה אלימה ממניע לאומי/פוליטי במסגרת הסכסוך הישראלי־פלסטיני,TERM-016,פעולת התנגדות,1960,1969,כן,"המונח רווח כמושג כללי של ""התנגדות פלסטינית"" מאז שנות ה־60 וה־70, והתעצם מאז האינתיפאדות ולאחר אוסלו, כאשר ההנהגה הפלסטינית וארגונים שונים הציגו את האלימות בכל צורותיה כחלק מ""זכות ההתנגדות""."
OBJ-6,פעולה אלימה ממניע לאומי/פוליטי במסגרת הסכסוך הישראלי־פלסטיני,TERM-017,ג׳יהאד,1900,2026,כן,"המונח קיים הרבה לפני הסכסוך, אך נעשה מרכזי בהקשר זה מסוף המאה ה־20 עם עליית התנועות האסלאמיות, התחזק מאז האינתיפאדה הראשונה והשנייה ועם עליית חמאס והג'יהאד, ונותר ברקע השיח על אלימות דתית־לאומית."
OBJ-7,פעולה צבאית/ביטחונית חדשה בעקבות אירוע קודם במסגרת הסכסוך,TERM-018,הסלמה,2000,2026,כן,"המונח שימש לאורך העשורים האחרונים של הסכסוך, ובלט במיוחד מאז סבבי הלחימה החוזרים בעזה משנות ה־2000 ואילך; השימוש בו התעצם בעשור האחרון וביתר שאת מ־2023 סביב הלחימה בעזה ובצפון והדינמיקה ביניהן."
OBJ-7,פעולה צבאית/ביטחונית חדשה בעקבות אירוע קודם במסגרת הסכסוך,TERM-019,תגובה,2023,2026,כן,"המונח נמצא בשימוש רציף בשיח המדיני־ביטחוני מאז מלחמות ישראל הראשונות, ובלט במיוחד בתיאורי סבבי הלחימה בעזה ובצפון בעשורים האחרונים; מ־2023 ואילך כמעט כל פעולה מוצגת כתגובה למהלך קודם של הצד השני."
OBJ-8,האוכלוסייה הערבית־פלסטינית אזרחית ישראל,TERM-020,ערבים ישראליים,1948,2026,כן,"המונח שימש מאז קום המדינה ב־1948 ככינוי המקובל לאוכלוסייה, והתבסס במיוחד משנות ה־90 ואילך עם התרחבות השיח על שילוב מיעוטים וזכויות אזרח; הוא ממשיך לשמש בשיח הרשמי והתקשורתי הישראלי עד היום."
OBJ-8,האוכלוסייה הערבית־פלסטינית אזרחית ישראל,TERM-021,פלסטינים אזרחי ישראל,1990,2026,כן,"המונח התבסס בעיקר משנות ה־90 ואילך עם התחזקות השיח על זהות פלסטינית אזרחית בישראל ופרסום מסמכי חזון קולקטיביים בראשית שנות ה־2000; הוא ממשיך לשמש בשיח האקדמי, הפוליטי והבינלאומי הביקורתי עד היום."
OBJ-8,האוכלוסייה הערבית־פלסטינית אזרחית ישראל,TERM-022,המגזר הערבי,1970,2000,כן,"המונח התבסס בעיקר מאז שנות ה־70 עם התבססות השפה המנהלית־סטטיסטית בישראל, והפך נפוץ במיוחד משנות ה־90 וה־2000 בדוחות מדינה ובכלי תקשורת; בשיח עדכני יותר ניכר מעבר חלקי למונח ""החברה הערבית""."
OBJ-9,תוכנית לשינויים רחבים במערכת המשפט וביחסי הרשויות בישראל,TERM-023,הרפורמה המשפטית,2023,2026,כן,"המונח התבסס מאז תחילת 2023 עם הצגת התוכנית על ידי שר המשפטים, ונמשך בשנים שלאחר מכן כשם הרשמי והממסדי של מכלול השינויים במערכת המשפט וביחסי הרשויות, גם לאחר השהיות ותיקונים בחקיקה ובמהלך 2024."
OBJ-9,תוכנית לשינויים רחבים במערכת המשפט וביחסי הרשויות בישראל,TERM-024,ההפיכה המשטרית,2023,2026,כן,"המונח התבסס מאז תחילת 2023 עם פרסום התוכנית ובמהלך גל המחאה הרחב שהתפתח נגדה; הוא ממשיך לשמש בשיח הציבורי והבינלאומי גם לאחר ההשהיות והתיקונים בחקיקה, כמסגרת ביקורתית מרכזית לתיאור המהלך."
OBJ-10,מערכת הכללים והמוסדות המשפטיים–מנהליים שמגבילים את כוח השלטון בישראל,TERM-025,שלטון החוק,1948,2026,כן,"המונח עיקרון יסוד בשיח החוקתי והאזרחי מאז קום המדינה ב־1948, ונעשה מרכזי במיוחד בדיונים על מערכת המשפט והיוזמות לשנותה משנות ה־90 ואילך; הוא התחזק עוד יותר סביב המשבר החוקתי של 2023–2024."
OBJ-10,מערכת הכללים והמוסדות המשפטיים–מנהליים שמגבילים את כוח השלטון בישראל,TERM-026,שלטון הפקידים,2000,2023,כן,"המונח נמצא בשימוש בשיח הימני כבר משנות ה־2000, אך התחדד מאוד בעשור האחרון, במיוחד סביב חקירות ראשי ממשלה והמאבק על הרפורמה המשפטית מ־2023, שבהם הוצגה המערכת המשפטית כמוקד כוח שמאלני קבוע."
OBJ-10,מערכת הכללים והמוסדות המשפטיים–מנהליים שמגבילים את כוח השלטון בישראל,TERM-027,דיפ סטייט,2018,2023,כן,"המונח נכנס לשיח הפוליטי הישראלי בסביבות 2018–2019 על רקע חקירות נתניהו ומאבקי הקואליציה עם מערכת המשפט; שימושו התעצם מאוד ב־2023 בגל השיח על הרפורמה והפך לכינוי נפוץ לבית המשפט, ליועמ""ש ולפרקליטות."
OBJ-11,מרחב ביטחוני בצפון שנועד להרחיק איומים מהגבול עם ישראל,TERM-028,רצועת הבטחון,1985,2025,כן,"המונח היה מושג יסוד בשיח על דרום לבנון מיוני 1985 ועד הנסיגה בשנת 2000, וחזר לשיח בעוצמה מאז 2024–2025 עם התפיסה המחודשת של רצועת ביטחון בדרום לבנון מול חיזבאללה והדיון על הסדרי ביטחון בצפון."
OBJ-11,מרחב ביטחוני בצפון שנועד להרחיק איומים מהגבול עם ישראל,TERM-029,אזור חיץ,2024,2026,כן,"המונח כללי ביחסים בינלאומיים, אך קיבל נוכחות חזקה בשיח על הגבול הצפוני מאז 2024–2026, עם התכנון והקמת אזורי חיץ ופרימטרים חדשים מול חיזבאללה; הוא ממשיך לשמש בדיוני הסדרי הביטחון העתידיים בצפון."
OBJ-11,מרחב ביטחוני בצפון שנועד להרחיק איומים מהגבול עם ישראל,TERM-030,קו העימות,1980,2026,כן,"המונח בשימוש מאז שנות הלחימה בדרום לבנון בשנות ה־80 וה־90, וחזר לשיח בעוצמה סביב המערכה הנוכחית בצפון מ־2024 ואילך, עם הדיון על קביעת ""קו עימות"" חדש בעומק לבנון ועל פריסת הכוחות מול חיזבאללה."
OBJ-11,מרחב ביטחוני בצפון שנועד להרחיק איומים מהגבול עם ישראל,TERM-031,שטח כבוש,2000,2026,כן,"המונח לגבי צפון לבנון מזוהה היסטורית עם רצועת הביטחון בדרום לבנון עד 2000, ושב לשיח מאז 2024–2026 עם הדרישה הישראלית ל""אזור חיץ"" בלבנון, כשמתנגדים מפעילים אותו כדי להזהיר מפני שחזור הכיבוש."
OBJ-12,הפעלת כוחות צבא יבשתיים בשטח שאינו בשליטת ישראל,TERM-032,כניסה קרקעית,2000,2026,כן,"המונח בשימוש כבר ממלחמות קודמות, אך קיבל נראות גבוהה במיוחד מאז סבבי עזה של שנות ה־2000 וה־2010, וביתר שאת במלחמת חרבות ברזל ובדיון על כניסה קרקעית לעזה וללבנון בשנים 2023–2026 ועד היום."
OBJ-12,הפעלת כוחות צבא יבשתיים בשטח שאינו בשליטת ישראל,TERM-033,פלישה,1982,2023,כן,"המונח שגור בשיח על מלחמות ישראל כבר ממלחמת לבנון הראשונה ב־1982, ומופיע שוב ושוב סביב כניסות קרקעיות לעזה וללבנון; הוא בלט במיוחד במלחמות בעזה ובחרבות ברזל מ־2023, בפי הצד הפלסטיני והביקורתי."
OBJ-12,הפעלת כוחות צבא יבשתיים בשטח שאינו בשליטת ישראל,TERM-034,תמרון קרקעי,2023,2023,כן,"מונח מקצועי ותיק בשפה הצבאית הישראלית, אך נכנס לשיח הציבורי הרחב במיוחד מאוקטובר 2023 עם הכניסה הקרקעית לעזה, שבה הפך לחלק מהמינוח היומיומי של הסיקור."
OBJ-12,הפעלת כוחות צבא יבשתיים בשטח שאינו בשליטת ישראל,TERM-035,כיבוש צבאי,1967,2026,כן,"המונח בלט במיוחד מאז 1967 עם כיבוש הגדה, עזה, סיני ורמת הגולן, וממשיך לשמש גם לאחר שינויים בשטח; השימוש בו התחזק בזירה הבינלאומית והאקדמית משנות ה־80 וה־90 ובשיח המחאה והזכויות בשנים האחרונות."
OBJ-13,פעולה צבאית נקודתית ומוגבלת בשטח אויב לשם משימה מוגדרת,TERM-036,פעולה מבצעית,2021,2026,כן,"המונח קבוע בפקודות צה""ל ובשיח הצבאי מזה עשרות שנים, מאז שנותיה הראשונות של המדינה, וממשיך לשמש גם כיום לתיאור פעולות נקודתיות ומוגבלות בשטחים, בעזה, בלבנון ובגבולות אחרים בשפת מערכת הביטחון."
OBJ-13,פעולה צבאית נקודתית ומוגבלת בשטח אויב לשם משימה מוגדרת,TERM-037,פשיטה,1950,2026,כן,"המונח ותיק בשפה הצבאית והיה מרכזי בתיאור פעולות התגמול בשנות ה־50–60; הוא ממשיך לשמש גם כיום לתיאור מבצעים קצרי מועד בעומק עזה, לבנון וזירות נוספות, וביתר שאת במהלך הלחימה משנת 2023 ואילך."
OBJ-14,הזזה כפויה של אוכלוסייה ממקום מגורים או שהייה בהקשר של סכסוך ופעולה מדינתית,TERM-038,פינוי,2005,2023,כן,"המונח מרכזי במדיניות העורף ובשיח המדינתי בישראל מזה עשורים, ובלט במיוחד סביב פינוי גוש קטיף וצפון השומרון ב־2005 ופינוי שכונות במזרח ירושלים, וביתר שאת בפינוי יישובי הצפון והדרום במלחמה מ־2023."
OBJ-14,הזזה כפויה של אוכלוסייה ממקום מגורים או שהייה בהקשר של סכסוך ופעולה מדינתית,TERM-039,גירוש,1900,1999,כן,"המונח מושרש במשפט הבינלאומי מאז אמצע המאה ה־20, ובשיח על הסכסוך הישראלי־פלסטיני הוא בולט במיוחד סביב 1948 ו־1967, סביב המדיניות במזרח ירושלים ובהתנחלויות, ובדיון על פינוי אוכלוסייה במלחמות האחרונות."
OBJ-14,הזזה כפויה של אוכלוסייה ממקום מגורים או שהייה בהקשר של סכסוך ופעולה מדינתית,TERM-040,עקירה,1948,2023,כן,"השימוש במונח התגבר סביב 1948 ובשנים שלאחריה, קיבל שכבה מחודשת בתקופת ההתנתקות באמצע שנות האלפיים, ושב והתחזק בשנים האחרונות מ־2023 סביב העקירה ההמונית בעזה והדיון בשיח על ""נכבה מתמשכת""."
OBJ-14,הזזה כפויה של אוכלוסייה ממקום מגורים או שהייה בהקשר של סכסוך ופעולה מדינתית,TERM-041,התנתקות,2005,2026,כן,"התקופה הבולטת ביותר היא תחילת–אמצע שנות האלפיים, סביב קבלת ההחלטה וביצועה ב־2005; מאז המונח נותר כמסמן היסטורי ומופיע בכל פעם שמתייחסים למהלך הזה כאל נקודת ציון או כאזהרה בשיח הישראלי."
OBJ-14,הזזה כפויה של אוכלוסייה ממקום מגורים או שהייה בהקשר של סכסוך ופעולה מדינתית,TERM-042,טרנספר,1900,2026,כן,"המונח נוכח בשיח הציוני והערבי כבר מהמאה ה־20, עם חיזוק סביב מלחמות ותוכניות לחלוקת הארץ, והתעצם בתקופות האינתיפאדות ומשברים ביטחוניים; הוא מופיע גם כיום סביב רעיונות בדבר ""פתרונות לעזה"" ולאזורי סכסוך."
OBJ-14,הזזה כפויה של אוכלוסייה ממקום מגורים או שהייה בהקשר של סכסוך ופעולה מדינתית,TERM-043,טרנספר מרצון,1900,2026,כן,"המונח התחזק בדיבור הציבורי מסוף המאה ה־20, כשהמילה ""טרנספר"" לבדה נעשתה מזוהה עם פשעי מלחמה וטיהור אתני, ונותר בשימוש בעיקר בתקופות של אי־שקט פוליטי ובעת הצעות להסדרים אזוריים ולעיצוב מחדש של המרחב."
OBJ-14,הזזה כפויה של אוכלוסייה ממקום מגורים או שהייה בהקשר של סכסוך ופעולה מדינתית,TERM-044,טיהור אתני,1900,2026,כן,"המונח התבסס בשיח הבינלאומי לקראת סוף המאה ה־20, במיוחד בעקבות המלחמות ביוגוסלביה לשעבר, ומאז משמש כלשון אזהרה; בהקשר הישראלי־פלסטיני הוא מופיע בגלים, בעיקר מ־2023 סביב הסלמה, גירוש ועידוד הגירה."
OBJ-15,נקודת בקרה שמסדירה ומגבילה תנועה בין אזורים בשליטה שונה,TERM-045,מחסום,1967,2009,כן,"המונח בשימוש מאז פריסת המחסומים בגדה וברצועה לאחר 1967, והתחזק מאוד מאז האינתיפאדה השנייה בתחילת שנות ה־2000 והקמת גדר ההפרדה, שבהן הפכו המחסומים לסמל מרכזי של השליטה הישראלית על התנועה הפלסטינית."
OBJ-15,נקודת בקרה שמסדירה ומגבילה תנועה בין אזורים בשליטה שונה,TERM-046,מעבר,1990,2026,כן,"המונח בשימוש מאז שנות ה־90 עם הסכמי אוסלו שקבעו מעברים מוסדרים בין ישראל לשטחים, וביתר שאת משנות ה־2000 ואילך עם התבססות מעברי גבול קבועים כמו ארז וכרם שלום כמסננים העיקריים לתנועת פלסטינים וסחורות."
OBJ-16,עימות צבאי מתמשך נגד יריב סביב מטרה אסטרטגית אחת או יותר,TERM-047,מבצע,1990,2026,כן,"המונח בשימוש מאז שנותיה הראשונות של המדינה, ובמיוחד משנות ה־90 ואילך, כמסגרת הרגילה לתיאור סבבי הלחימה בעזה ובלבנון שאינם מוכרזים כמלחמה; הוא ממשיך לשמש בשיח הצבאי וההיסטורי הישראלי עד היום."
OBJ-16,עימות צבאי מתמשך נגד יריב סביב מטרה אסטרטגית אחת או יותר,TERM-048,מלחמה,1948,2023,כן,"המונח בסיסי מאז קום המדינה ב־1948 לכל עימות גדול; בשנים האחרונות הוא חוזר במיוחד סביב מלחמות רחבות כמו חרבות ברזל מ־2023, שהוגדרה רשמית כמלחמה ולא כמבצע, בשיח הציבורי, הצבאי וההיסטורי בישראל."
OBJ-17,המתקפה והטבח בדרום ישראל ב־7 באוקטובר 2023,TERM-049,טבח ה־7 באוקטובר,2023,2026,כן,"המונח התבסס מאז אוקטובר 2023, מיד לאחר האירוע, וביתר שאת לאורך 2024–2025 בשיח הציבורי, המשפטי וההסברתי בישראל ובעולם; הוא ממשיך לשמש כמונח מרכזי בזיכרון הלאומי ובמאבק נגד הכחשת הטבח עד היום."
OBJ-17,המתקפה והטבח בדרום ישראל ב־7 באוקטובר 2023,TERM-050,מתקפת ה־7 באוקטובר,2023,2026,כן,"המונח התבסס מאז אוקטובר 2023 כאופן המרכזי לתאר את תחילת המלחמה בלשון ענייני־מבצעית; הוא נותר בשימוש קבוע במסמכי מדינה, בדוחות רשמיים ובניתוחים צבאיים לאורך 2024–2025 ובשיח על האחריות והכשלים."
OBJ-17,המתקפה והטבח בדרום ישראל ב־7 באוקטובר 2023,TERM-051,אירוע ה־7 באוקטובר,2023,2025,כן,"המונח החל להופיע ימים ושבועות אחרי 7 באוקטובר 2023 בשידורי חדשות, ובהמשך בדוחות ובניתוחים אסטרטגיים; בשנים 2024–2025 הפך שכיח במסמכים מחקריים ובדוחות מכוני מדיניות, לעיתים לצד מונחים חדים יותר."
OBJ-18,מאמץ מאורגן לעיצוב תודעה ודעת קהל ביחס למדיניות ופעולות ישראל,TERM-052,הסברה,2000,2026,כן,"המונח בשימוש מאז שנותיה הראשונות של המדינה, ובעיקר משנות ה־2000 ואילך עם עליית הרשתות החברתיות והעיסוק בגלי דה־לגיטימציה לישראל; הוא התעצם מ־2023 בעת מלחמת חרבות ברזל סביב המאבק על דעת הקהל העולמית."
OBJ-18,מאמץ מאורגן לעיצוב תודעה ודעת קהל ביחס למדיניות ופעולות ישראל,TERM-053,תעמולה,1900,2023,כן,"המונח ותיק בשיח הפוליטי והתקשורתי לאורך המאה ה־20; בשיח הישראלי בהקשר ישראל–פלסטין הוא נעשה בולט במיוחד בעשורים האחרונים, וביתר שאת מ־2023, כשההסברה של ישראל ושל מתנגדיה מתוארת לעיתים כתעמולה."
OBJ-19,המלחמה שנפתחה בעקבות מתקפת 7 באוקטובר 2023,TERM-054,מלחמת ה־7 באוקטובר,2023,2026,כן,"השם החל להופיע כמעט מיד אחרי 7 באוקטובר 2023, ומתייצב כמסמן תקופה ככל שהמלחמה נמשכת והופכת לסיפור חיים וזיכרון; ככל שיתחזק השימוש בו ביומיום ב־2024–2025, ייתכן שיישאר כשם הזכור לצד השם הרשמי."
OBJ-19,המלחמה שנפתחה בעקבות מתקפת 7 באוקטובר 2023,TERM-055,מלחמת עזה 2023,2023,2023,כן,"המונח נכנס לשימוש מיד במהלך המלחמה מ־2023, במיוחד בערוצים בינלאומיים ובפרסומי ארגונים העוקבים בזמן אמת; עם הזמן, ככל שהמלחמה נמשכת, הוא עשוי להפוך לכותרת היסטורית המאחדת את אירועי השנה לתקופה אחת."
OBJ-19,המלחמה שנפתחה בעקבות מתקפת 7 באוקטובר 2023,TERM-056,חרבות ברזל,2023,2026,כן,"המונח שימש מאוקטובר 2023 ואילך כשם הרשמי והמוכר של המלחמה בישראל ובעולם; גם לאחר החלטת הממשלה לשנות את השם, ""חרבות ברזל"" נותר בשימוש חזק בשיח הציבורי, הצבאי והמחקרי לאורך 2024–2025 ועד היום."
OBJ-19,המלחמה שנפתחה בעקבות מתקפת 7 באוקטובר 2023,TERM-057,מלחמת התקומה,2024,2026,כן,"המונח הופיע מ־2024 כמושג מוצע בשיח הפוליטי, ומ־2025–2026 כשם רשמי שאושר בממשלה לשימוש המדינה; השימוש בו שנוי במחלוקת בציבור, וחלק ניכר מהשיח ממשיך לקרוא למלחמה ""חרבות ברזל"" או ""מלחמת 7 באוקטובר""."
OBJ-20,אנשים שנאלצו לעזוב את מקום מגוריהם בישראל בשל סכסוך או החלטת מדינה,TERM-058,מפונים,2005,2026,כן,"המונח שימש כבר בשנים קודמות כמו בפינוי ימית, אך בלט במיוחד סביב פינוי גוש קטיף וצפון השומרון מ־2005 ואילך, וביתר שאת סביב פינוי יישובי עוטף עזה והצפון במלחמת חרבות ברזל מ־2023 ואילך."
OBJ-20,אנשים שנאלצו לעזוב את מקום מגוריהם בישראל בשל סכסוך או החלטת מדינה,TERM-059,עקורים,2005,2026,כן,"המושג ""עקורים"" מוכר במשפט ובמחקר הבינלאומי מזה שנים, ובהקשר הישראלי הוא בולט במיוחד מאז ההתנתקות ב־2005 ומאז מלחמת חרבות ברזל מ־2023, כאשר מדברים על ""עקורים בארצם"" מעוטף עזה ומיישובי הצפון."
OBJ-21,האלימות הערבית נגד היישוב היהודי בארץ ישראל באוגוסט 1929,TERM-060,מאורעות תרפ״ט,1900,1999,כן,"המונח בשימוש מאז סוף שנות ה־20 של המאה ה־20, כאשר העיתונות העברית אימצה את הביטוי ""מאורעות"" כתרגום הרשמי הבריטי, התבסס בשיח הציוני והחינוכי לאורך המאה ה־20, ועדיין בשימוש נרחב בטקסים ובספרי לימוד."
OBJ-21,האלימות הערבית נגד היישוב היהודי בארץ ישראל באוגוסט 1929,TERM-061,פרעות תרפ״ט,1930,1939,כן,"המונח מופיע כבר בשנות ה־30 לצד ""מאורעות תרפ""ט"", במיוחד בשיח דתי־לאומי, התחזק בטקסי חברון סביב ציון 50, 70 ו־90 שנה לאירועים, ובעשור האחרון גם בהקשרים המשווים בין תרפ""ט לבין אירועי אלימות עכשוויים."
OBJ-22,מדיניות אמצעים נגד אוכלוסייה או קבוצה לשם מניעה או תגובה,TERM-062,הרתעה,1950,2026,כן,"המונח אסטרטגי מאז המלחמה הקרה, ובישראל לפחות משנות ה־50 ואילך בתפיסת ""הרתעה, התרעה, הכרעה""; בשנים האחרונות נעשה בו שימוש אינטנסיבי בשיח על סבבי עזה, מלחמת חרבות ברזל מ־2023 ופשיעה בחברה הערבית."
OBJ-22,מדיניות אמצעים נגד אוכלוסייה או קבוצה לשם מניעה או תגובה,TERM-063,ענישה,2021,2026,כן,"המונח משפטי בסיסי לאורך כל קיום מערכת המשפט; בשיח הישראלי הוא בולט במיוחד מאז האינתיפאדה הראשונה ואילך סביב הריסות בתים ומעצרים מנהליים, ובעשור האחרון בדיונים על פשיעה בחברה הערבית והגירה לא־חוקית."
OBJ-23,המלחמה על עתיד הארץ והקמת מדינת ישראל 1947–1949,TERM-064,מלחמת העצמאות,1950,2026,כן,"המונח נוצר והתבסס כבר בשנות ה־50 כשם הרשמי־ממלכתי למלחמה, לצד שמות נוספים כמו מלחמת השחרור ומלחמת תש""ח; הוא נותר המונח הדומיננטי בשיח הישראלי עד היום, במיוחד בחינוך, בביטחון ובטקסים הממלכתיים."
OBJ-23,המלחמה על עתיד הארץ והקמת מדינת ישראל 1947–1949,TERM-065,מלחמת השחרור,1940,2026,כן,"המונח נוצר במקביל ל""מלחמת העצמאות"" בשנות ה־40–50, ומושרש במיוחד בשיח הדתי־לאומי והחינוכי; הוא נמצא בשימוש רציף עד היום, אם כי ""מלחמת העצמאות"" הפכה לשם הרשמי והנפוץ יותר בשיח הממלכתי הכללי."
OBJ-23,המלחמה על עתיד הארץ והקמת מדינת ישראל 1947–1949,TERM-066,הנכבה,1948,2023,כן,"המונח נטבע ב־1948 בידי ההיסטוריון קונסטנטין זורייק והתקבע בשיח הפלסטיני בשנות ה־50–60; משנות ה־90 הפך לסמן מרכזי בזהות הפלסטינית, ומשנות ה־2000 מופיע יותר בשיח הישראלי והבינלאומי, עד הכרת האו""ם ב־2023."
OBJ-24,ההתקפה והכיבוש של הכפר דיר יאסין באפריל 1948,TERM-067,פרשת דיר יאסין,1950,2026,כן,"המונח מופיע כבר בשנות ה־50–60 בשיח ההיסטורי הישראלי, במיוחד במחקר על ""המיתוס של דיר יאסין""; בעשורים האחרונים הוא נותר ככותרת רשמית־מתונה, שמתחתיה נמשכים ויכוחים אם מדובר בטבח, בקרב או במיתוס."
OBJ-24,ההתקפה והכיבוש של הכפר דיר יאסין באפריל 1948,TERM-068,כיבוש דיר יאסין,1948,1948,כן,"המונח בשימוש מאז 1948 בשיח הפנימי של האצ""ל והלח""י ובתקשורת המחתרתית; מעת לעת הוא שב ועולה במחקרים ובתחקירים, במיוחד כאשר יש ניסיון להציג את האירוע כקרב ולא כטבח ולשחזר את הקרב על ירושלים מזווית צבאית."
OBJ-24,ההתקפה והכיבוש של הכפר דיר יאסין באפריל 1948,TERM-069,טבח דיר יאסין,1948,2026,כן,"המונח בשימוש מאז 1948 בשיח הערבי־פלסטיני, התבסס במהלך העשורים כמונח מרכזי בנרטיב הנכבה, ומאז שנות ה־90–2000 נכנס יותר לשיח הישראלי הביקורתי ולשיח הבינלאומי, לצד ויכוחים נגדיים הטוענים שהטבח לא היה."
OBJ-25,אנשים המוחזקים בידי הצד השני במסגרת הסכסוך,TERM-070,חטופים,1970,2023,כן,"המונח קיים בעבר כמו בחטיפות מטוסים בשנות ה־70 ובחטיפות חיילים, אך הפך דומיננטי לאחר חטיפת גלעד שליט ב־2006 וביתר שאת מאז חטיפת מעל 240 בני אדם ב־7 באוקטובר 2023, והוא מן הטעונים בשיח הישראלי מאז."
OBJ-25,אנשים המוחזקים בידי הצד השני במסגרת הסכסוך,TERM-071,שבויים,1948,2023,כן,"המונח בשימוש מאז מלחמת העצמאות, כאשר שבויי צה""ל הופיעו כמעט בכל מלחמה ב־1948, 1967, 1973 ולבנון; בשנים האחרונות עלה המתח בין ""שבויים"" ל""חטופים"" בשיח סביב 7 באוקטובר 2023, כשהימין העדיף את המונח הצבאי."
OBJ-25,אנשים המוחזקים בידי הצד השני במסגרת הסכסוך,TERM-072,בני ערובה,2023,2023,כן,"המונח בשימוש כללי מזה עשרות שנים, אך מקבל הדגשה מיוחדת בכל אירוע חטיפה או החזקה ממושכת של אזרחים; לאחר 7 באוקטובר 2023 התבסס כמונח מרכזי בשיח הישראלי והבינלאומי לגבי המוחזקים בידי חמאס וארגונים אחרים."
OBJ-25,אנשים המוחזקים בידי הצד השני במסגרת הסכסוך,TERM-073,אסירים,2023,2023,כן,"המונח מלווה את הסכסוך הישראלי־פלסטיני מזה עשרות שנים, אך מקבל משקל מיוחד בגלי מעצרים, אינתיפאדות ועסקאות חילופי שבויים; בשנים האחרונות, וביתר שאת מ־2023, הוא נוכח קבוע בשיח הפלסטיני, הבינלאומי והישראלי."
OBJ-26,"אנשים שנכנסו לישראל ללא מעמד קבוע, בשל סכסוך, רדיפה או מצוקה",TERM-074,פליטים,1948,2009,כן,"המונח משפטי מאז אמנת הפליטים של 1951; בשיח הישראלי הוא שימש קודם סביב בעיית הפליטים הפלסטינים שנוצרה במלחמת 1948, ובהמשך משנות ה־2000 סביב פליטים ומבקשי מקלט מאפריקה, ובעשור האחרון סביב משברי הגירה."
OBJ-26,"אנשים שנכנסו לישראל ללא מעמד קבוע, בשל סכסוך, רדיפה או מצוקה",TERM-075,מסתננים,1948,2010,כן,"המונח מופיע לראשונה בחוק למניעת הסתננות מ־1954 לתיאור פלסטינים חוצי גבול אחרי 1948, נמוג חלקית וחזר בעוצמה משנות ה־2000 ככינוי רשמי למבקשי מקלט ומהגרים; מ־2010 לערך הפך מרכזי בשיח על הגירה וגבולות."
OBJ-26,"אנשים שנכנסו לישראל ללא מעמד קבוע, בשל סכסוך, רדיפה או מצוקה",TERM-076,מבקשי מקלט,2000,2026,כן,"המונח נכנס לשיח הישראלי בעוצמה עם גלי ההגעה של מבקשי מקלט מאריתריאה ומסודאן משנות ה־2000 ואילך, וגבר ככל שהתעצמה המחלוקת הציבורית והפוליטית סביב מעמדם; הוא ממשיך לשמש בדיון על הגירה וזכויות אדם עד היום."
OBJ-27,מוות של בני אדם בסכסוך/אלימות/אסון,TERM-077,נהרג,1948,2026,כן,"המונח נוכח בעברית מקראית וחז""לית, והורחב בעברית המודרנית לכל סוגי המוות הלא־טבעי; בסיקור הסכסוך והמלחמות מאז קום המדינה ועד היום הוא הפך למונח ברירת המחדל לדיווח על מתים משני הצדדים בשיח התקשורתי."
OBJ-27,מוות של בני אדם בסכסוך/אלימות/אסון,TERM-078,נרצח,1995,2023,כן,"המונח יסודי בעברית משפטית ומקראית; במציאות הישראלית המודרנית הוא בולט במיוחד בשיח על טרור, על רצח רבין ב־1995, על רצח נשים ובחברה הערבית, וב־7 באוקטובר 2023 שבו ניטש מאבק בין ""נרצחו"" לבין ""נהרגו""."
OBJ-27,מוות של בני אדם בסכסוך/אלימות/אסון,TERM-079,נפל,1948,2026,כן,"המונח בשימוש מאז מלחמות ישראל הראשונות ובמיוחד אחרי קום המדינה ב־1948, כשהתגבשו המושגים ""חללי צה""ל"" ו""נפילת לוחם""; הוא נותר מונח מרכזי בשיח הישראלי סביב מלחמות עד היום, וביתר שאת בלחימה מ־2023."
OBJ-27,מוות של בני אדם בסכסוך/אלימות/אסון,TERM-080,נספה,1900,1999,כן,"שורש המילה מקראי והיא הופיעה בעברית הרבנית והמתחדשת במשמעות ""אבד ונשמד""; מהמאה ה־20, ובעיקר מאז השואה, ""נספה"" הפך למונח מרכזי בשיח הזיכרון, ואחר כך התרחב בשפה הרשמית והתקשורתית לאסונות ותאונות."
OBJ-27,מוות של בני אדם בסכסוך/אלימות/אסון,TERM-081,חוסל,2000,2023,כן,"המונח קיבל משמעות ביטחונית מובהקת משנות ה־2000 עם אימוץ דוקטרינת הסיכול הממוקד באינתיפאדה השנייה; מאז נעשה בו שימוש שוטף בדיווחי הצבא ובתקשורת, ובעשור האחרון, כולל בחרבות ברזל מ־2023, הוא מן המרכזיים."
OBJ-27,מוות של בני אדם בסכסוך/אלימות/אסון,TERM-082,נוטרל,2023,2023,כן,"המונח התחזק בשיח הישראלי בעשורים האחרונים עם העלייה בכיסוי בזמן אמת של אירועי טרור והתמסדות השפה המקצועית של דוברי הביטחון; מאז 7 באוקטובר 2023 השימוש בו נעשה כמעט אוטומטי, לצד ביקורת על דה־הומניזציה."
OBJ-28,הרג המוני מכוון של אוכלוסייה,TERM-083,טבח,1900,2023,כן,"המונח שימש לאורך המאה ה־20 וה־21 לתיאור רציחות המוניות; בהקשר הישראלי הוא נוכח סביב אירועי אלימות קיצוניים כדיר יאסין וכפר קאסם, ובעיקר מ־2023 סביב מתקפת 7 באוקטובר, שבה פרצה מחלוקת על המילה בחוקי זיכרון."
OBJ-28,הרג המוני מכוון של אוכלוסייה,TERM-084,רצח עם,1900,1999,כן,"המונח נטבע בידי רפאל למקין באמצע המאה ה־20 ועוגן באמנה ב־1948, התבסס אחרי משפטי נירנברג; בעשור האחרון גובר השימוש בו בשיח בינלאומי ואקטיביסטי סביב סוריה, מיאנמר, אוקראינה ועזה, עם ויכוח על תחולתו."
OBJ-29,המרחב הארכאולוגי־עירוני מדרום לחומות העיר העתיקה בירושלים,TERM-085,סילוואן,1990,2026,כן,"השם היסטורי לאורך התקופה העות'מאנית והמנדטורית ואילך, ובלט בשיח הישראלי־פלסטיני במיוחד משנות ה־90 וה־2000 עם התחזקות ההתיישבות היהודית באזור ""עיר דוד"", משפטי הפינוי ותשומת הלב התקשורתית לשכונה."
OBJ-29,המרחב הארכאולוגי־עירוני מדרום לחומות העיר העתיקה בירושלים,TERM-086,עיר דוד,1990,2026,כן,"השם תנ""כי לאורך ההיסטוריה היהודית, אך כמיתוג מודרני של האתר הארכאולוגי הוא בלט במיוחד משנות ה־90 ואילך, עם חידוש השם ""עיר דוד"" לשכונה ולאתר והעברת ניהולו לגופים ציוניים־דתיים ותיירותיים בירושלים."
OBJ-30,מחנה המחאה הליברלי נגד נתניהו והרפורמה המשפטית,TERM-087,שמאלנים,1950,1959,כן,"המונח בשימוש מאז שנות ה־50–60 לתיאור בעלי דעות שמאל, אך עם גוון ביקורתי כבר אז; מאז האינתיפאדה השנייה ובעיקר בעשור האחרון הפך למילת מפתח בשיח המקטב ולכינוי גנאי, ולעיתים לתווית זהות במחאות בלפור וקפלן."
OBJ-30,מחנה המחאה הליברלי נגד נתניהו והרפורמה המשפטית,TERM-088,קפלניסטים,2023,2026,כן,"המונח התבסס משנת 2023 עם התבססות מחאת קפלן כמוקד מרכזי של ההתנגדות לרפורמה המשפטית, והתחזק בעיקר ב־2024–2026 כציר מרכזי בשיח המפצל בין ""ביביסטים"" ל""קפלניסטים"" בשיח הציבורי והתקשורתי הישראלי."
OBJ-30,מחנה המחאה הליברלי נגד נתניהו והרפורמה המשפטית,TERM-089,אנרכיסטים,2020,2023,כן,"המונח שימש כשפה פוליטית לאורך עשורים ביחס לקבוצות שמאל רדיקלי, אך בעוצמה גבוהה במיוחד משנת 2020 סביב מחאת בלפור, ושוב מ־2023 סביב מחאת קפלן והרפורמה המשפטית, כשהממסד משתמש בו כתווית מרכזית נגד המפגינים."
OBJ-30,מחנה המחאה הליברלי נגד נתניהו והרפורמה המשפטית,TERM-090,0מאלנים,2023,2024,כן,"המונח צמח בשיח בעיקר בתקופת ההפיכה המשפטית והמחאות סביבה ב־2023–2024, והמשיך עם האופן שבו חלק מהימין ראה את מחנה המחאה גם אחרי 7 באוקטובר; ככל שהשיח התלהט הוא נעשה נפוץ יותר, במיוחד ברשתות החברתיות."
OBJ-30,מחנה המחאה הליברלי נגד נתניהו והרפורמה המשפטית,TERM-091,בוגדים,1995,2023,כן,"למילה היסטוריה ארוכה בשיח הישראלי, אך היא קיבלה הדגשה מחודשת מאז רצח רבין ב־1995, וביתר שאת בשנים האחרונות של הקיטוב הפוליטי מ־2023 סביב נתניהו, הרפורמה והמלחמה, כחלק משדה מונחים מסלימים נגד המחנה הליברלי."
OBJ-31,מחנה הימין התומך בבנימין נתניהו,TERM-092,ימנים,1948,1977,כן,"המונח קטגוריה פוליטית מאז קום המדינה, עם התעצמות ברורה לאחר המהפך ב־1977 ועליית מחנה הימין לשלטון; בעשורים האחרונים הפך ""ימנים"" לתווית זהות יומיומית ומרכזית בשיח, כמעט יותר משמות מפלגות ספציפיים."
OBJ-31,מחנה הימין התומך בבנימין נתניהו,TERM-093,ביביסטים,2010,2022,כן,"המונח בשימוש מאז שנות ה־2010, ובעיקר מתקופת חקירות נתניהו והמערכות החוזרות בשנים 2019–2022, כש""ביביסטים"" התקבע ככינוי לתומכיו הנאמנים; הוא התחזק מאוד בשיח סביב ההפיכה המשטרית ומחאת קפלן, לצד ""קפלניסטים""."
OBJ-32,שלטון צבאי ישראלי על אוכלוסייה פלסטינית,TERM-094,כיבוש,1800,2009,כן,"המונח קיים במשפט הבינלאומי מאז המאה ה־19 ואמנות האג וז'נבה; בהקשר הישראלי הוא בשימוש מאז 1967, עם הקצנה בשנות ה־80 וה־90 בשיח השמאל וביתר שאת משנות ה־2000, עד שהפך לשם עצמי של מכלול המדיניות בשטחים."
OBJ-32,שלטון צבאי ישראלי על אוכלוסייה פלסטינית,TERM-095,ממשל צבאי,1948,2026,כן,"המונח שימש בישראל פנימה בשנים 1948–1966 כמשטר רשמי שהוטל על אזרחי ישראל הערבים, ומאז הוא מושג היסטורי מרכזי בביאור יחסי המדינה והמיעוט; בעשור האחרון הוא חזר בשיח על ""ממשל צבאי בעזה"" וב""יום שאחרי""."
OBJ-33,הרג יזום של יעד ביטחוני בידי מדינת ישראל,TERM-096,סיכול ממוקד,2000,2009,כן,"המונח נטבע רשמית בתחילת שנות ה־2000 במהלך האינתיפאדה השנייה כמונח מחליף ל""חיסול"", והפך לשפה התקנית של מערכת הביטחון; מאז 2006 קיבל עיגון משפטי ברור בעקבות פסק דין בג""ץ שקבע כללים להפעלתו ולמידתיותו."
OBJ-33,הרג יזום של יעד ביטחוני בידי מדינת ישראל,TERM-097,חיסול,,,לא,"המונח שימש כסלנג צבאי־ישראלי עוד לפני ""סיכול ממוקד"", במיוחד בסיפורי מבצעי המוסד; מאז תחילת עידן הסיכולים הממוקדים באינתיפאדה השנייה הוא משמש לסירוגין עם ""סיכול ממוקד"", ונוטה להופיע יותר בכותרות עממיות."
OBJ-33,הרג יזום של יעד ביטחוני בידי מדינת ישראל,TERM-098,הוצאה להורג,,,לא,"המונח שימש לאורך ההיסטוריה המשפטית של מדינות רבות כעונש מוות; בדורות האחרונים נעשה למוקד ויכוח על ביטולו, ובעשורים האחרונים ""הוצאה להורג ללא משפט"" הפכה לקטגוריה מרכזית בשיח זכויות האדם סביב פעולות נגד טרור."
OBJ-33,הרג יזום של יעד ביטחוני בידי מדינת ישראל,TERM-099,התנקשות,1800,2026,כן,"המונח קיים בעברית החדשה מראשיתה וכקטגוריה פוליטית־מודרנית מאז המאה ה־19 ועד היום; בעשורים האחרונים, במקביל לעליית השיח על targeted killings, ""התנקשות"" הפכה למילה המסמנת בבירור עמדה הממסגרת אירוע כרצח פוליטי."
OBJ-34,פגיעה באזרחים במהלך תקיפות צבאיות,TERM-100,נזק אגבי,2023,2026,כן,"המונח התגבש בעולם עם האמנות ההומניטריות המודרניות במאה ה־20; במרכז השיח הישראלי הוא בולט במיוחד מהאינתיפאדה השנייה ואילך, ובהקצנה סביב המערכות בעזה כעופרת יצוקה, צוק איתן וחרבות ברזל מ־2023 ועד היום."
OBJ-34,פגיעה באזרחים במהלך תקיפות צבאיות,TERM-101,פגיעה בבלתי מעורבים,2000,2023,כן,"המונח קטגוריה במשפט ההומניטרי מאז אמנת ז'נבה דרך הנוסח ""אזרחים שאינם משתתפים ישירות בלוחמה""; בשיח הישראלי הוא בולט במיוחד משנות ה־2000 ובהקצנה סביב המערכות בעזה מ־2023, בהודעות הצבא, בהסברה ובביקורת."
OBJ-34,פגיעה באזרחים במהלך תקיפות צבאיות,TERM-102,הרג אזרחים,2023,2023,כן,"המונח בשימוש מזה עשרות שנים בשיח על מלחמות מודרניות, אך במוקד השיח הישראלי־פלסטיני בעיקר מאז האינתיפאדה השנייה והמערכות בעזה, ועד לשיא חדש במלחמת חרבות ברזל מ־2023, שבה היקף ההרג ציר מרכזי בביקורת ובהגנה."
OBJ-34,פגיעה באזרחים במהלך תקיפות צבאיות,TERM-103,אש לא מידתית,1977,2023,כן,"המונח התגבש במשפט ההומניטרי עם הפרוטוקול הנוסף הראשון לאמנות ז'נבה ב־1977, אך בשיח הציבורי הישראלי הפך מרכזי במיוחד ממבצע ""עופרת יצוקה"" בשנים 2008–2009 ועד מלחמת חרבות ברזל מ־2023, כציר באשמות הבינלאומיות."
OBJ-35,שלילת חירות ללא כתב אישום והליך פלילי מלא,TERM-104,מעצר מנהלי,1948,2026,כן,"המונח מקורו בתקנות ההגנה לשעת חירום של המנדט הבריטי שהועתקו לחוקי ישראל, ומאז קום המדינה הוא כלי קבוע; השימוש בו אינטנסיבי במיוחד מאז האינתיפאדה הראשונה ואילך בשטחים, ובגלים גם נגד פעילי ימין קיצוני בישראל."
OBJ-35,שלילת חירות ללא כתב אישום והליך פלילי מלא,TERM-105,כליאה ללא משפט,2000,2026,כן,"בשיח הישראלי המונח בולט במיוחד משנות ה־2000 ואילך סביב חוק ההסתננות, כליאת מבקשי מקלט ומדיניות הכליאה בשטחים; בהקשר העולמי הוא חלק משיח זכויות אדם בן עשרות שנים כמבחן בסיסי למשטר דמוקרטי או מדכא."
OBJ-36,המצב המדיני־ביטחוני בין ישראל לפלסטינים מאז 1967,TERM-106,הסכסוך,1900,1999,כן,"השם ""הסכסוך הישראלי–ערבי"" התגבש משנות ה־20 של המאה ה־20, עבר ל""הסכסוך הישראלי–פלסטיני"" מסוף שנות ה־60 וה־70 עם המעבר לעימות מול התנועה הלאומית הפלסטינית, והתבסס משנות ה־90 סביב תהליך השלום באוסלו."
OBJ-36,המצב המדיני־ביטחוני בין ישראל לפלסטינים מאז 1967,TERM-107,הכיבוש,1967,2009,כן,"המונח בשימוש מאז 1967 ככינוי לשליטה בשטחים שנכבשו במלחמת ששת הימים, והעמיק בשיח הציבורי בשנות ה־80–90 עם האינתיפאדה הראשונה ותנועות השלום; משנות ה־2000 ממסגרים אותו דוחות עדכניים ככיבוש ממושך מעל 50 שנה."
OBJ-36,המצב המדיני־ביטחוני בין ישראל לפלסטינים מאז 1967,TERM-108,אפרטהייד,1990,2026,כן,"המונח הפך זמין כמטאפורה משפטית מאז סוף האפרטהייד בדרום אפריקה בשנות ה־90, התחזק כלפי ישראל מתחילת שנות ה־2000 עם האינתיפאדה השנייה ובניית הגדר, ובשנות ה־2020 פורסמו דוחות מקיפים המסווגים את המדיניות כאפרטהייד."
OBJ-37,העברת אספקה אזרחית לשטח בשליטת ארגון אויב,TERM-109,סיוע הומניטרי,1900,2026,כן,"המונח התבסס לאחר מלחמות העולם עם התגבשות המשפט ההומניטרי המודרני, התרחב בסוף המאה ה־20 וראשית ה־21 עם משברי פליטים גדולים כרואנדה, סוריה ואוקראינה, ובשנות ה־2020 הפך מרכזי בשיח הישראלי סביב המשבר בעזה."
OBJ-37,העברת אספקה אזרחית לשטח בשליטת ארגון אויב,TERM-110,אספקה לאויב,1948,2026,כן,"המונח נשען על איסור ""סיוע לאויב בזמן מלחמה"" בחוק העונשין ובחוק השיפוט הצבאי מאז קום המדינה, התחדד מאז האינתיפאדה השנייה וסבבי הלחימה בעזה סביב הכנסת סחורות ודלק, וביתר שאת מ־2023 ואילך אחרי 7 באוקטובר."
OBJ-38,הגעה של תושבי חוץ להשתקעות בישראל,TERM-111,עולים,1800,1999,כן,"המונח מושרש בתקופת היישוב והעליות הציוניות מסוף המאה ה־19 ועד 1948, התבסס כציר מרכזי בנרטיב הישראלי בשנות המדינה הראשונות עם העליות ההמוניות, והתחדש משנות ה־90 עם גלי העלייה מברית המועצות לשעבר וממערב."
OBJ-38,הגעה של תושבי חוץ להשתקעות בישראל,TERM-112,מהגרים,1980,2020,כן,"המונח בלט מאז סוף שנות ה־80 עם כניסת עובדים זרים במקום פועלים פלסטינים, התעצם בשנות ה־90 וה־2000 עם גידול מהגרי העבודה וחקיקת חוק העובדים הזרים, והתחדד בשנות ה־2010–2020 בוויכוח סביב מבקשי המקלט מאפריקה."
OBJ-39,התקוממות הערבים בארץ ישראל נגד הבריטים והיישוב היהודי (1936–1939),TERM-113,מאורעות תרצ״ו–תרצ”ט,1948,1969,כן,"הביטוי ""מאורעות תרצ""ו–תרצ""ט"" התבסס כלשון רשמית ביישוב היהודי ובישראל המוקדמת לאחר 1948, התקבע בספרי לימוד ובספרות פופולרית משנות ה־60–70 לצד ""המרד הערבי הגדול"", ומתחדש בשנים האחרונות סביב ימי שנה עגולים."
OBJ-39,התקוממות הערבים בארץ ישראל נגד הבריטים והיישוב היהודי (1936–1939),TERM-114,המרד הערבי הגדול,1930,1948,כן,"כבר בשנות ה־30 השתמשו בעיתונות הבריטית והערבית בביטוי ""מרד ערבי בפלסטין"", ולאחר 1948 נמתח במחקר ובשיח הפלסטיני קו בינו לבין הנכבה; בעשורים האחרונים מתרבים מאמרים המשתמשים ב""המרד הערבי הגדול"" גם בעברית."
OBJ-40,הגבול בין ישראל לשכנותיה על פי הסכמי שביתת הנשק 1949,TERM-115,גבול שביתת הנשק,1949,2026,כן,"המונח נקבע ב־1949 עם הסכמי שביתת הנשק ברודוס כבסיס לסיום מלחמת העצמאות, חזר למרכז השיח מ־1967 ואילך בוויכוח על ""גבולות 67"" ופתרון שתי המדינות, וממשיך בשנים האחרונות בדיונים על הגבול הצפוני ועל ""הקו הכחול""."
OBJ-40,הגבול בין ישראל לשכנותיה על פי הסכמי שביתת הנשק 1949,TERM-116,הקו הירוק,1949,1999,כן,"בין 1949 ל־1967 שימש הקו כגבול דה־פקטו של ישראל בלי מטען פוליטי חריף, ולאחר 1967 הפך ""בתוך/מחוץ לקו הירוק"" לציר מרכזי בהבחנה בין שטח ריבוני למוחזק; משנות ה־90 מיקמו אותו תהליכי אוסלו בלב השיח המדיני."
OBJ-40,הגבול בין ישראל לשכנותיה על פי הסכמי שביתת הנשק 1949,TERM-117,גבולות אושוויץ,1970,2026,כן,"הביטוי נכנס לשיח הימני הישראלי מסוף שנות ה־70 כשיוחס בטעות לאבא אבן, התחזק בשנות ה־90 ותחילת ה־2000 עם תהליך אוסלו והשיח על ""גבולות 67"", וממשיך לצוץ בשנים האחרונות לצד ביקורת גוברת על עצם השימוש בו."
OBJ-41,יישובים יהודיים בעשירונים נמוכים מחוץ למרכז ההיסטורי,TERM-118,עיירות פיתוח,1950,1979,כן,"עיירות הפיתוח הוקמו בשנות ה־50–60 בגליל ובנגב כקריית שמונה, דימונה וירוחם לפיזור אוכלוסייה וקליטת עלייה, התקבעו בשנות ה־70–90 כסימן למעמד נמוך ולפריפריה בשיח הביקורתי, ובמאה ה־21 נדונים מחדש סביב מיתוג והתחדשות."
OBJ-41,יישובים יהודיים בעשירונים נמוכים מחוץ למרכז ההיסטורי,TERM-119,עיירות פריפריה,1950,1979,כן,"המונח נקשר לגל ההקמה האינטנסיבי של עיירות פיתוח בשנות ה־50–60 בנגב ובגליל במסגרת ""כור ההיתוך"", התייצב בשנות ה־70–90 כסימן לפערים ול""שוליות"" עם ביקורת חברתית, ובמאה ה־21 נדון מחדש סביב זהות מקומית ומיתוג."
OBJ-42,יציאה המונית של אנשים למרחב הציבורי כדי למחות או להביע עמדה,TERM-120,הפרעות סדר,2011,2026,כן,"המונח קיים זמן רב אך התחזק בדיווחי חדשות בשנות האינתיפאדות וההפגנות הפלסטיניות, בלט במחאה החברתית של 2011 ובמחאות בלפור והרפורמה המשפטית, והתרחב מ־2023 ואילך בגלי המחאה סביב מלחמת 7 באוקטובר עם הקיטוב הגובר."
OBJ-42,יציאה המונית של אנשים למרחב הציבורי כדי למחות או להביע עמדה,TERM-121,הפגנות,1920,2011,כן,"השם בשימוש לאורך כל חיי המדינה אך הלך והתרחב בשיח הציבורי עם התפתחות החברה האזרחית משנות ה־70 וה־80, התחזק במחאה החברתית של 2011 ובמחאות בלפור והרפורמה המשפטית בשנות ה־20, ועד המחאות בזמן מלחמת 7 באוקטובר."
OBJ-42,יציאה המונית של אנשים למרחב הציבורי כדי למחות או להביע עמדה,TERM-122,מחאות,1900,2026,כן,"""מחאות"" ככותרת רחבה נכנסה חזק לשיח הישראלי בסוף המאה ה־20 עם התגבשות החברה האזרחית, קיבלה משקל מיוחד אחרי 2011 סביב ""המחאה החברתית"", ומאז משמשת כברירת מחדל בתקופת ההפיכה המשפטית ומלחמת 7 באוקטובר והשלכותיה."
OBJ-43,צעירים יהודים רדיקלים המזוהים עם התיישבות קיצונית ואלימות לאומנית ביהודה ושומרון,TERM-123,נערי גבעות,2000,2023,כן,"הכינוי ""נערי גבעות"" נכנס לשיח הישראלי בשנות ה־2000 עם התפתחות המאחזים הבלתי מורשים, התעצם מאז 2021–2022 עם גל אלימות המתנחלים נגד כפרים פלסטיניים, ובאופן מיוחד לאחר אוקטובר 2023 עם דיווחים על פוגרומים בגדה."
OBJ-43,צעירים יהודים רדיקלים המזוהים עם התיישבות קיצונית ואלימות לאומנית ביהודה ושומרון,TERM-124,יודונאצים,1980,2024,כן,"המונח מופיע בשוליים הפוליטיים כבר משנות ה־80 בקרב מבקרים רדיקלים של הימין הקיצוני, והשימוש בו גדל בין השנים 2021–2024 על רקע גלי אלימות של מתנחלים בגדה המערבית, ובמיוחד לאחר מלחמת אוקטובר 2023 והפוגרומים בכפרים."
OBJ-44,מצב כלכלי-ביטחוני של הגבלת כניסת סחורות לרצועת עזה,TERM-125,מצור,2007,2023,כן,המונח נכנס לשיח הבינלאומי לאחר השתלטות חמאס על עזה ב-2007 והחמרת ההגבלות שבאה בעקבותיה; השימוש בו הגיע לשיא לאחר אוקטובר 2023 עם הגברת ההגבלות בתקופת הלחימה.
OBJ-44,מצב כלכלי-ביטחוני של הגבלת כניסת סחורות לרצועת עזה,TERM-126,סגר,2007,2023,כן,"המונח בשימוש רשמי מאז 2007 עם החמרת ההגבלות לאחר השתלטות חמאס, והפך למרכזי עוד יותר מאוקטובר 2023 כשהממשלה הגבירה את הפיקוח על כניסת סחורות לרצועה."
OBJ-44,מצב כלכלי-ביטחוני של הגבלת כניסת סחורות לרצועת עזה,TERM-127,חסם הומניטרי,2008,2023,כן,"הכינוי נכנס לשיח הבינלאומי משמעותית מאז 2008-9 עם מבצע ""עופרת יצוקה"" והדיונים שבאו בעקבותיו על מצב הרצועה; הגיע לשיא נוכחות מאוקטובר 2023."
OBJ-45,תביעה ציבורית ופוליטית לגייס גברים חרדים לשירות צבאי בדומה לשאר האוכלוסייה,TERM-128,שוויון בנטל,2012,2023,כן,הכינוי התחזק משמעותית מאז 2012 עם פקיעת חוק טל ואחריו; הגיע לשיא מאוקטובר 2023 כשנוצר מתח בין גיוס חרדים לבין הצרכים הצבאיים הגדולים של המלחמה.
OBJ-45,תביעה ציבורית ופוליטית לגייס גברים חרדים לשירות צבאי בדומה לשאר האוכלוסייה,TERM-129,גזירת הגיוס,1990,2024,כן,"הניסוח ""גזירת הגיוס"" נפוץ בשיח החרדי לפחות מאז שנות ה-90, אך הגיע לשיא נוכחות ציבורית מ-2023 עם עצרות ההמונים ולאחר פסיקת בג""ץ 2024 שבטלה את הפטור."
OBJ-45,תביעה ציבורית ופוליטית לגייס גברים חרדים לשירות צבאי בדומה לשאר האוכלוסייה,TERM-130,חוק הגיוס,2002,2024,כן,"""חוק טל"" (2002) היה גלגול ראשון; לאחר ביטולו ב-2012 חזרה הכנסת לנסות להסדיר את הנושא פעמים רבות; הגיע לשיא ב-2024 עם פסיקת בג""ץ שחייבה חקיקה מחדש."
